IF ('$(IsTestDataNeeded)' = '1')
BEGIN
	INSERT INTO title VALUES
	  (N'tt0027977',N'Modern Times',N'',1936,NULL,87,N'JP',N'en',8.50,178025)
	 ,(N'tt0042332',N'Cinderella',N'',1950,NULL,74,N'IS',NULL,7.30,124283)
	 ,(N'tt0317705',N'The Incredibles',N'',2004,NULL,115,N'ES',N'ca',8.00,563323)
	 ,(N'tt0379786',N'Serenity',N'',2005,NULL,119,N'BR',NULL,7.90,262510)
	 ,(N'tt0385002',N'Hooligans',N'',2005,NULL,109,N'GB',NULL,7.50,130312)
	 ,(N'tt0783233',N'Atonement',N'',2007,NULL,123,N'DE',NULL,7.80,218880)
	 ,(N'tt0985699',N'Valkyrie',N'',2008,NULL,121,N'RS',NULL,7.10,206230)
	 ,(N'tt1396484',N'It',N'',2017,NULL,135,N'SK',NULL,7.40,299454)
	 ,(N'tt2467372',N'Brooklyn Nine-Nine',N'',2013,NULL,22,N'PL',NULL,8.40,111132)
	 ,(N'tt3774114',N'Snowden',N'',2016,NULL,134,N'RO',NULL,7.30,107751)

	SET  IDENTITY_INSERT category ON
	INSERT INTO category (categoryid, CategoryName) VALUES
	(1,N'actor')
	,(2,N'actress')
	,(3,N'archive_footage')
	,(4,N'archive_sound')
	,(5,N'cinematographer')
	,(6,N'composer')
	,(7,N'director')
	,(8,N'editor')
	,(9,N'producer')
	,(10,N'production_designer')
	,(11,N'self')
	,(12,N'writer')

	SET  IDENTITY_INSERT category OFF

	SET  IDENTITY_INSERT crewtype ON
	insert into crewtype(CrewTypeId, CrewType) VALUES
	(1,N'Director')
	,(2,N'Writer')

	SET  IDENTITY_INSERT crewtype OFF

	SET  IDENTITY_INSERT profession ON
	INSERT INTO profession (ProfessionId, ProfessionName) VALUES
	(1,N'actor')
	,(2,N'actress')
	,(3,N'animation_department')
	,(4,N'art_department')
	,(5,N'art_director')
	,(6,N'assistant')
	,(7,N'assistant_director')
	,(8,N'camera_department')
	,(9,N'casting_department')
	,(10,N'casting_director')
	,(11,N'cinematographer')
	,(12,N'composer')
	,(13,N'costume_department')
	,(14,N'costume_designer')
	,(15,N'director')
	,(16,N'editor')
	,(17,N'editorial_department')
	,(18,N'electrical_department')
	,(19,N'executive')
	,(20,N'legal')
	,(21,N'location_management')
	,(22,N'make_up_department')
	,(23,N'manager')
	,(24,N'miscellaneous')
	,(25,N'music_department')
	,(26,N'producer')
	,(27,N'production_department')
	,(28,N'production_designer')
	,(29,N'production_manager')
	,(30,N'publicist')
	,(31,N'script_department')
	,(32,N'set_decorator')
	,(33,N'sound_department')
	,(34,N'soundtrack')
	,(35,N'special_effects')
	,(36,N'stunts')
	,(37,N'talent_agent')
	,(38,N'transportation_department')
	,(39,N'visual_effects')
	,(40,N'writer')
	SET  IDENTITY_INSERT profession OFF

	insert into person VALUES
	(N'nm0000122',N'Charles Chaplin',1889,1977)
	,(N'nm0000175',N'Stephen King',1947,NULL)
	,(N'nm0000231',N'Oliver Stone',1946,NULL)
	,(N'nm0001741',N'Bryan Singer',1965,NULL)
	,(N'nm0003160',N'Christopher McQuarri',NULL,NULL)
	,(N'nm0003163',N'Tucker Gates',NULL,NULL)
	,(N'nm0003474',N'Troy Miller',NULL,NULL)
	,(N'nm0027011',N'Ken Anderson',1909,1993)
	,(N'nm0038893',N'Rebecca Asher',1969,NULL)
	,(N'nm0044803',N'Jamie Babbit',1970,NULL)
	,(N'nm0083348',N'Brad Bird',1957,NULL)
	,(N'nm0088392',N'Michael Blieden',1971,NULL)
	,(N'nm0109205',N'Homer Brightman',1901,1988)
	,(N'nm0192478',N'Kat Coiro',NULL,NULL)
	,(N'nm0257554',N'Michael Engler',NULL,NULL)
	,(N'nm0258128',N'Jason Ensler',1970,NULL)
	,(N'nm0267497',N'Julian Farino',NULL,NULL)
	,(N'nm0304091',N'Nisha Ganatra',1974,NULL)
	,(N'nm0314671',N'Clyde Geronimi',1901,1989)
	,(N'nm0329634',N'Daniel J. Goor',1975,NULL)
	,(N'nm0358960',N'Christopher Hampton',1946,NULL)
	,(N'nm0382548',N'Winston Hibler',1910,1976)
	,(N'nm0386780',N'Norm Hiscock',NULL,NULL)
	,(N'nm0390657',N'Dean Holland',NULL,NULL)
	,(N'nm0414144',N'Wilfred Jackson',1906,1988)
	,(N'nm0483828',N'Giovani Lampassi',NULL,NULL)
	,(N'nm0490792',N'Peter Lauer',NULL,NULL)
	,(N'nm0520488',N'Phil Lord',1975,NULL)
	,(N'nm0527217',N'Hamilton Luske',1903,1968)
	,(N'nm0565063',N'Beth McCarthy-Miller',1963,NULL)
	,(N'nm0567126',N'Bruce McCulloch',1961,NULL)
	,(N'nm0567912',N'Michael McDonald',1964,NULL)
	,(N'nm0568605',N'Ian McEwan',1948,NULL)
	,(N'nm0579318',N'Linda Mendoza',NULL,NULL)
	,(N'nm0588087',N'Christopher Miller',1975,NULL)
	,(N'nm0591994',N'Lexi Alexander',1974,NULL)
	,(N'nm0615592',N'Andy Muschietti',NULL,NULL)
	,(N'nm0625065',N'Victor Nelli Jr.',NULL,NULL)
	,(N'nm0633818',N'Matt Nodella',NULL,NULL)
	,(N'nm0670328',N'Bill Peet',1915,2002)
	,(N'nm0672093',N'Erdman Penner',1905,1956)
	,(N'nm0674518',N'Charles Perrault',1628,1703)
	,(N'nm0710683',N'Maurice Rapf',1914,2003)
	,(N'nm0716206',N'Harry Reeves',NULL,NULL)
	,(N'nm0716926',N'Brian Reich',NULL,NULL)
	,(N'nm0717155',N'Alex Reid',1965,NULL)
	,(N'nm0727370',N'Joe Rinaldi',1914,1974)
	,(N'nm0768957',N'Claire Scanlon',NULL,NULL)
	,(N'nm0780799',N'Ted Sears',1900,1958)
	,(N'nm0788426',N'Tristram Shapeero',NULL,NULL)
	,(N'nm0791285',N'Josh Shelov',NULL,NULL)
	,(N'nm0818785',N'Michael Spiller',1961,NULL)
	,(N'nm0923736',N'Joss Whedon',1964,NULL)
	,(N'nm0926526',N'Ken Whittingham',NULL,NULL)
	,(N'nm0935253',N'Max Winkler',1983,NULL)
	,(N'nm0942504',N'Joe Wright',1972,NULL)
	,(N'nm0957197',N'Craig Zisk',NULL,NULL)
	,(N'nm0962849',N'Maggie Carey',1975,NULL)
	,(N'nm1015063',N'Jay Karas',NULL,NULL)
	,(N'nm1050211',N'Laura McCreary',1972,NULL)
	,(N'nm1072116',N'Matt Lawton',NULL,NULL)
	,(N'nm1079781',N'Prentice Penny',NULL,NULL)
	,(N'nm1230361',N'Matt Murray',NULL,NULL)
	,(N'nm1267492',N'Nathan Alexander',NULL,NULL)
	,(N'nm1286060',N'Chase Palmer',NULL,NULL)
	,(N'nm1288766',N'Phil Traill',1973,NULL)
	,(N'nm1321658',N'Michael Schur',1975,NULL)
	,(N'nm1390496',N'Jaffar Mahmood',NULL,NULL)
	,(N'nm1455688',N'Julie Anne Robinson',NULL,NULL)
	,(N'nm1469191',N'Tim Kirkby',1970,NULL)
	,(N'nm1471990',N'Dougie Brimson',NULL,NULL)
	,(N'nm1472469',N'Luke Del Tredici',NULL,NULL)
	,(N'nm1533705',N'Fred Goss',NULL,NULL)
	,(N'nm1545970',N'Andy Bobrow',NULL,NULL)
	,(N'nm1560977',N'Cary Joji Fukunaga',1977,NULL)
	,(N'nm1619542',N'Cortney Carrillo',NULL,NULL)
	,(N'nm1634307',N'Kieran Fitzgerald',NULL,NULL)
	,(N'nm1643805',N'Matt O''Brien',NULL,NULL)
	,(N'nm1672246',N'Jorma Taccone',1977,NULL)
	,(N'nm1676223',N'Akiva Schaffer',1977,NULL)
	,(N'nm1782254',N'Carol Kolb',NULL,NULL)
	,(N'nm1864771',N'Aeysha Carr',NULL,NULL)
	,(N'nm1884278',N'Ryan Case',1980,NULL)
	,(N'nm1912959',N'Payman Benz',1978,NULL)
	,(N'nm1926903',N'Eric Appel',1980,NULL)
	,(N'nm2021516',N'Jake Szymanski',NULL,NULL)
	,(N'nm2094206',N'Neil Campbell',NULL,NULL)
	,(N'nm2094436',N'Trent O''Donnell',NULL,NULL)
	,(N'nm2103762',N'David Quandt',NULL,NULL)
	,(N'nm2226567',N'Brigitte Liebowitz',NULL,NULL)
	,(N'nm2265981',N'Andy Gosche',NULL,NULL)
	,(N'nm2314834',N'Andrew Guest',NULL,NULL)
	,(N'nm2477891',N'Gary Dauberman',NULL,NULL)
	,(N'nm2503479',N'Gil Ozeri',NULL,NULL)
	,(N'nm3194501',N'Carly Hallam',NULL,NULL)
	,(N'nm3265847',N'Lang Fisher',NULL,NULL)
	,(N'nm3427812',N'Anatoly Kucherena',NULL,NULL)
	,(N'nm3452745',N'David Phillips',NULL,NULL)
	,(N'nm3860628',N'Kylie Condon',NULL,NULL)
	,(N'nm4046970',N'Lakshmi Sundaram',NULL,NULL)
	,(N'nm4096635',N'Tricia McAlpin',NULL,NULL)
	,(N'nm4460471',N'Gabe Liedman',NULL,NULL)
	,(N'nm4816469',N'Luke Harding',NULL,NULL)
	,(N'nm5039571',N'Lesley Arfin',1979,NULL)
	,(N'nm5046888',N'Alison Agosti',NULL,NULL)
	,(N'nm5083564',N'Phil Augusta Jackson',NULL,NULL)
	,(N'nm5212440',N'Jessica Polonsky',NULL,NULL)
	,(N'nm5314287',N'Justin Noble',NULL,NULL)
	,(N'nm6236978',N'Jeff Topolski',NULL,NULL)
	,(N'nm8357889',N'Alexis Wilkinson',NULL,NULL)
	;

	INSERT INTO TitleCrew VALUES 
	(N'tt0027977',N'nm0000122',1)
	,(N'tt3774114',N'nm0000231',1)
	,(N'tt0985699',N'nm0001741',1)
	,(N'tt2467372',N'nm0003163',1)
	,(N'tt2467372',N'nm0003474',1)
	,(N'tt2467372',N'nm0038893',1)
	,(N'tt2467372',N'nm0044803',1)
	,(N'tt0317705',N'nm0083348',1)
	,(N'tt2467372',N'nm0088392',1)
	,(N'tt2467372',N'nm0192478',1)
	,(N'tt2467372',N'nm0257554',1)
	,(N'tt2467372',N'nm0258128',1)
	,(N'tt2467372',N'nm0267497',1)
	,(N'tt2467372',N'nm0304091',1)
	,(N'tt0042332',N'nm0314671',1)
	,(N'tt2467372',N'nm0329634',1)
	,(N'tt2467372',N'nm0390657',1)
	,(N'tt0042332',N'nm0414144',1)
	,(N'tt2467372',N'nm0483828',1)
	,(N'tt2467372',N'nm0490792',1)
	,(N'tt2467372',N'nm0520488',1)
	,(N'tt0042332',N'nm0527217',1)
	,(N'tt2467372',N'nm0565063',1)
	,(N'tt2467372',N'nm0567126',1)
	,(N'tt2467372',N'nm0567912',1)
	,(N'tt2467372',N'nm0579318',1)
	,(N'tt2467372',N'nm0588087',1)
	,(N'tt0385002',N'nm0591994',1)
	,(N'tt1396484',N'nm0615592',1)
	,(N'tt2467372',N'nm0625065',1)
	,(N'tt2467372',N'nm0633818',1)
	,(N'tt2467372',N'nm0717155',1)
	,(N'tt2467372',N'nm0768957',1)
	,(N'tt2467372',N'nm0788426',1)
	,(N'tt2467372',N'nm0818785',1)
	,(N'tt0379786',N'nm0923736',1)
	,(N'tt2467372',N'nm0926526',1)
	,(N'tt2467372',N'nm0935253',1)
	,(N'tt0783233',N'nm0942504',1)
	,(N'tt2467372',N'nm0957197',1)
	,(N'tt2467372',N'nm0962849',1)
	,(N'tt2467372',N'nm1015063',1)
	,(N'tt2467372',N'nm1288766',1)
	,(N'tt2467372',N'nm1321658',1)
	,(N'tt2467372',N'nm1390496',1)
	,(N'tt2467372',N'nm1455688',1)
	,(N'tt2467372',N'nm1469191',1)
	,(N'tt2467372',N'nm1472469',1)
	,(N'tt2467372',N'nm1533705',1)
	,(N'tt2467372',N'nm1619542',1)
	,(N'tt2467372',N'nm1672246',1)
	,(N'tt2467372',N'nm1676223',1)
	,(N'tt2467372',N'nm1884278',1)
	,(N'tt2467372',N'nm1912959',1)
	,(N'tt2467372',N'nm1926903',1)
	,(N'tt2467372',N'nm2021516',1)
	,(N'tt2467372',N'nm2094436',1)
	,(N'tt0027977',N'nm0000122',2)
	,(N'tt1396484',N'nm0000175',2)
	,(N'tt3774114',N'nm0000231',2)
	,(N'tt0985699',N'nm0003160',2)
	,(N'tt0042332',N'nm0027011',2)
	,(N'tt0317705',N'nm0083348',2)
	,(N'tt0042332',N'nm0109205',2)
	,(N'tt2467372',N'nm0329634',2)
	,(N'tt0783233',N'nm0358960',2)
	,(N'tt0042332',N'nm0382548',2)
	,(N'tt2467372',N'nm0386780',2)
	,(N'tt0783233',N'nm0568605',2)
	,(N'tt0385002',N'nm0591994',2)
	,(N'tt0042332',N'nm0670328',2)
	,(N'tt0042332',N'nm0672093',2)
	,(N'tt0042332',N'nm0674518',2)
	,(N'tt0042332',N'nm0710683',2)
	,(N'tt0042332',N'nm0716206',2)
	,(N'tt2467372',N'nm0716926',2)
	,(N'tt0042332',N'nm0727370',2)
	,(N'tt0042332',N'nm0780799',2)
	,(N'tt0385002',N'nm0791285',2)
	,(N'tt0379786',N'nm0923736',2)
	,(N'tt2467372',N'nm1050211',2)
	,(N'tt2467372',N'nm1072116',2)
	,(N'tt2467372',N'nm1079781',2)
	,(N'tt2467372',N'nm1230361',2)
	,(N'tt0985699',N'nm1267492',2)
	,(N'tt1396484',N'nm1286060',2)
	,(N'tt2467372',N'nm1321658',2)
	,(N'tt0385002',N'nm1471990',2)
	,(N'tt2467372',N'nm1472469',2)
	,(N'tt2467372',N'nm1545970',2)
	,(N'tt1396484',N'nm1560977',2)
	,(N'tt3774114',N'nm1634307',2)
	,(N'tt2467372',N'nm1643805',2)
	,(N'tt2467372',N'nm1782254',2)
	,(N'tt2467372',N'nm1864771',2)
	,(N'tt2467372',N'nm2094206',2)
	,(N'tt2467372',N'nm2103762',2)
	,(N'tt2467372',N'nm2226567',2)
	,(N'tt2467372',N'nm2265981',2)
	,(N'tt2467372',N'nm2314834',2)
	,(N'tt1396484',N'nm2477891',2)
	,(N'tt2467372',N'nm2503479',2)
	,(N'tt2467372',N'nm3194501',2)
	,(N'tt2467372',N'nm3265847',2)
	,(N'tt3774114',N'nm3427812',2)
	,(N'tt2467372',N'nm3452745',2)
	,(N'tt2467372',N'nm3860628',2)
	,(N'tt2467372',N'nm4046970',2)
	,(N'tt2467372',N'nm4096635',2)
	,(N'tt2467372',N'nm4460471',2)
	,(N'tt3774114',N'nm4816469',2)
	,(N'tt2467372',N'nm5039571',2)
	,(N'tt2467372',N'nm5046888',2)
	,(N'tt2467372',N'nm5083564',2)
	,(N'tt2467372',N'nm5212440',2)
	,(N'tt2467372',N'nm5314287',2)
	,(N'tt2467372',N'nm6236978',2)
	,(N'tt2467372',N'nm8357889',2);


	INSERT INTO PersonKnownTitle VALUES
	(N'nm0000122',N'tt0027977')
	,(N'nm0000284',N'tt0379786')
	,(N'nm0000603',N'tt0783233')
	,(N'nm0000710',N'tt0027977')
	,(N'nm0001615',N'tt0317705')
	,(N'nm0001652',N'tt0317705')
	,(N'nm0001728',N'tt0317705')
	,(N'nm0002104',N'tt0027977')
	,(N'nm0002244',N'tt2467372')
	,(N'nm0002256',N'tt0379786')
	,(N'nm0002638',N'tt0985699')
	,(N'nm0002684',N'tt1396484')
	,(N'nm0003274',N'tt3774114')
	,(N'nm0003424',N'tt0027977')
	,(N'nm0003625',N'tt0379786')
	,(N'nm0003804',N'tt1396484')
	,(N'nm0003872',N'tt0985699')
	,(N'nm0004245',N'tt0379786')
	,(N'nm0004370',N'tt0379786')
	,(N'nm0005266',N'tt0317705')
	,(N'nm0005726',N'tt0379786')
	,(N'nm0005806',N'tt0027977')
	,(N'nm0005906',N'tt0027977')
	,(N'nm0006049',N'tt0042332')
	,(N'nm0006160',N'tt0985699')
	,(N'nm0006337',N'tt0042332')
	,(N'nm0006387',N'tt1396484')
	,(N'nm0006523',N'tt0379786')
	,(N'nm0008506',N'tt0783233')
	,(N'nm0009394',N'tt0317705')
	,(N'nm0010880',N'tt0379786')
	,(N'nm0012155',N'tt0985699')
	,(N'nm0013896',N'tt0379786')
	,(N'nm0014710',N'tt0027977')
	,(N'nm0015608',N'tt0379786')
	,(N'nm0016786',N'tt0379786')
	,(N'nm0017051',N'tt0379786')
	,(N'nm0018685',N'tt0027977')
	,(N'nm0020366',N'tt0783233')
	,(N'nm0023149',N'tt0379786')
	,(N'nm0024358',N'tt0042332')
	,(N'nm0025883',N'tt0317705')
	,(N'nm0026637',N'tt0985699')
	,(N'nm0027011',N'tt0042332')
	,(N'nm0027358',N'tt0317705')
	,(N'nm0027485',N'tt0379786')
	,(N'nm0029025',N'tt1396484')
	,(N'nm0030865',N'tt0042332')
	,(N'nm0031045',N'tt1396484')
	,(N'nm0031378',N'tt2467372')
	,(N'nm0034080',N'tt0379786')
	,(N'nm0035661',N'tt3774114')
	,(N'nm0038387',N'tt0379786')
	,(N'nm0040777',N'tt1396484')
	,(N'nm0041463',N'tt2467372')
	,(N'nm0041598',N'tt0042332')
	,(N'nm0041797',N'tt0379786')
	,(N'nm0042526',N'tt0379786')
	,(N'nm0042962',N'tt0027977')
	,(N'nm0043060',N'tt0379786')
	,(N'nm0045496',N'tt3774114')
	,(N'nm0046757',N'tt0783233')
	,(N'nm0047412',N'tt0379786')
	,(N'nm0047427',N'tt0379786')
	,(N'nm0047552',N'tt0783233')
	,(N'nm0050003',N'tt0379786')
	,(N'nm0050541',N'tt1396484')
	,(N'nm0051394',N'tt0985699')
	,(N'nm0052093',N'tt0385002')
	,(N'nm0052640',N'tt0317705')
	,(N'nm0054036',N'tt0042332')
	,(N'nm0054659',N'tt0317705')
	,(N'nm0055766',N'tt0379786')
	,(N'nm0059786',N'tt0317705')
	,(N'nm0060677',N'tt0317705')
	,(N'nm0061332',N'tt0317705')
	,(N'nm0061519',N'tt0379786')
	,(N'nm0062197',N'tt0985699')
	,(N'nm0065086',N'tt0317705')
	,(N'nm0065695',N'tt0385002')
	,(N'nm0066310',N'tt0783233')
	,(N'nm0068072',N'tt0379786')
	,(N'nm0068434',N'tt0985699')
	,(N'nm0068699',N'tt0783233')
	,(N'nm0071029',N'tt0379786')
	,(N'nm0073121',N'tt3774114')
	,(N'nm0073559',N'tt0317705')
	,(N'nm0074478',N'tt0317705')
	,(N'nm0074788',N'tt0027977')
	,(N'nm0074793',N'tt0379786')
	,(N'nm0075321',N'tt0985699')
	,(N'nm0076515',N'tt0379786')
	,(N'nm0078499',N'tt0379786')
	,(N'nm0079001',N'tt1396484')
	,(N'nm0079056',N'tt2467372')
	,(N'nm0079677',N'tt0783233')
	,(N'nm0079821',N'tt0783233')
	,(N'nm0080282',N'tt3774114')
	,(N'nm0081022',N'tt0317705')
	,(N'nm0083348',N'tt0317705')
	,(N'nm0083351',N'tt0317705')
	,(N'nm0084455',N'tt0379786')
	,(N'nm0085004',N'tt0783233')
	,(N'nm0085499',N'tt0317705')
	,(N'nm0085639',N'tt0379786')
	,(N'nm0085776',N'tt0317705')
	,(N'nm0086304',N'tt0042332')
	,(N'nm0086888',N'tt0379786')
	,(N'nm0087078',N'tt0317705')
	,(N'nm0088392',N'tt2467372')
	,(N'nm0088520',N'tt0042332')
	,(N'nm0088781',N'tt2467372')
	,(N'nm0088928',N'tt0379786')
	,(N'nm0090008',N'tt0027977')
	,(N'nm0090166',N'tt1396484')
	,(N'nm0091129',N'tt0985699')
	,(N'nm0091161',N'tt0317705')
	,(N'nm0091505',N'tt1396484')
	,(N'nm0091690',N'tt0027977')
	,(N'nm0092922',N'tt0379786')
	,(N'nm0095275',N'tt1396484')
	,(N'nm0095341',N'tt0379786')
	,(N'nm0095518',N'tt2467372')
	,(N'nm0095675',N'tt0379786')
	,(N'nm0097001',N'tt3774114')
	,(N'nm0098132',N'tt0042332')
	,(N'nm0098136',N'tt0379786')
	,(N'nm0098232',N'tt1396484')
	,(N'nm0098466',N'tt0985699')
	,(N'nm0099078',N'tt0317705')
	,(N'nm0101723',N'tt0042332')
	,(N'nm0102012',N'tt0379786')
	,(N'nm0102284',N'tt0985699')
	,(N'nm0102691',N'tt0317705')
	,(N'nm0102975',N'tt1396484')
	,(N'nm0103789',N'tt0317705')
	,(N'nm0105133',N'tt0783233')
	,(N'nm0105730',N'tt3774114')
	,(N'nm0106886',N'tt0379786')
	,(N'nm0107403',N'tt0317705')
	,(N'nm0109205',N'tt0042332')
	,(N'nm0111132',N'tt1396484')
	,(N'nm0112172',N'tt1396484')
	,(N'nm0112617',N'tt0985699')
	,(N'nm0113477',N'tt0317705')
	,(N'nm0113508',N'tt1396484')
	,(N'nm0113998',N'tt2467372')
	,(N'nm0114527',N'tt0783233')
	,(N'nm0117124',N'tt1396484')
	,(N'nm0117667',N'tt3774114')
	,(N'nm0117926',N'tt0985699')
	,(N'nm0117989',N'tt0379786')
	,(N'nm0118578',N'tt0317705')
	,(N'nm0120645',N'tt0385002')
	,(N'nm0123672',N'tt0985699')
	,(N'nm0124964',N'tt3774114')
	,(N'nm0125967',N'tt2467372')
	,(N'nm0126341',N'tt3774114')
	,(N'nm0128027',N'tt0317705')
	,(N'nm0128793',N'tt0379786')
	,(N'nm0132357',N'tt0317705')
	,(N'nm0134298',N'tt0379786')
	,(N'nm0136867',N'tt1396484')
	,(N'nm0139295',N'tt2467372')
	,(N'nm0139360',N'tt0379786')
	,(N'nm0139406',N'tt0317705')
	,(N'nm0139673',N'tt0385002')
	,(N'nm0141037',N'tt0379786')
	,(N'nm0141921',N'tt0379786')
	,(N'nm0143287',N'tt0379786')
	,(N'nm0147015',N'tt0042332')
	,(N'nm0148416',N'tt0379786')
	,(N'nm0152627',N'tt1396484')
	,(N'nm0153181',N'tt0385002')
	,(N'nm0153708',N'tt0379786')
	,(N'nm0155516',N'tt0379786')
	,(N'nm0157842',N'tt2467372')
	,(N'nm0160314',N'tt0985699')
	,(N'nm0160663',N'tt0317705')
	,(N'nm0161200',N'tt1396484')
	,(N'nm0161530',N'tt0379786')
	,(N'nm0162303',N'tt0379786')
	,(N'nm0164074',N'tt0379786')
	,(N'nm0164203',N'tt0042332')
	,(N'nm0164491',N'tt0317705')
	,(N'nm0164969',N'tt0783233')
	,(N'nm0166824',N'tt0379786')
	,(N'nm0167693',N'tt0042332')
	,(N'nm0168471',N'tt0317705')
	,(N'nm0168542',N'tt0042332')
	,(N'nm0169218',N'tt1396484')
	,(N'nm0170273',N'tt2467372')
	,(N'nm0171471',N'tt0379786')
	,(N'nm0172837',N'tt0379786')
	,(N'nm0174028',N'tt0379786')
	,(N'nm0174682',N'tt0027977')
	,(N'nm0174829',N'tt0379786')
	,(N'nm0175987',N'tt0379786')
	,(N'nm0177132',N'tt0379786')
	,(N'nm0177256',N'tt0042332')
	,(N'nm0179135',N'tt0783233')
	,(N'nm0184617',N'tt1396484')
	,(N'nm0185156',N'tt0042332')
	,(N'nm0186469',N'tt0985699')
	,(N'nm0187001',N'tt0317705')
	,(N'nm0189469',N'tt0783233')
	,(N'nm0191336',N'tt0379786')
	,(N'nm0191600',N'tt2467372')
	,(N'nm0192478',N'tt2467372')
	,(N'nm0192913',N'tt0985699')
	,(N'nm0193023',N'tt0317705')
	,(N'nm0193484',N'tt0317705')
	,(N'nm0198620',N'tt2467372')
	,(N'nm0198721',N'tt0317705')
	,(N'nm0199405',N'tt2467372')
	,(N'nm0199562',N'tt0027977')
	,(N'nm0201428',N'tt0042332')
	,(N'nm0201511',N'tt0379786')
	,(N'nm0202314',N'tt0317705')
	,(N'nm0202988',N'tt0042332')
	,(N'nm0204618',N'tt0042332')
	,(N'nm0206328',N'tt0379786')
	,(N'nm0212619',N'tt0379786')
	,(N'nm0213265',N'tt0379786')
	,(N'nm0214924',N'tt0027977')
	,(N'nm0215769',N'tt0385002')
	,(N'nm0217859',N'tt0027977')
	,(N'nm0218212',N'tt2467372')
	,(N'nm0219831',N'tt0379786')
	,(N'nm0220540',N'tt0317705')
	,(N'nm0222184',N'tt0317705')
	,(N'nm0222228',N'tt0985699')
	,(N'nm0222666',N'tt0379786')
	,(N'nm0224942',N'tt0379786')
	,(N'nm0226457',N'tt0317705')
	,(N'nm0226558',N'tt0317705')
	,(N'nm0226573',N'tt0379786')
	,(N'nm0226936',N'tt2467372')
	,(N'nm0228212',N'tt0379786')
	,(N'nm0228284',N'tt0379786')
	,(N'nm0231533',N'tt0317705')
	,(N'nm0233195',N'tt0317705')
	,(N'nm0233556',N'tt0379786')
	,(N'nm0235185',N'tt0042332')
	,(N'nm0237375',N'tt3774114')
	,(N'nm0240162',N'tt0379786')
	,(N'nm0240416',N'tt0317705')
	,(N'nm0242050',N'tt0783233')
	,(N'nm0242065',N'tt0042332')
	,(N'nm0243107',N'tt0027977')
	,(N'nm0243679',N'tt0379786')
	,(N'nm0244330',N'tt0783233')
	,(N'nm0244491',N'tt1396484')
	,(N'nm0246306',N'tt0985699')
	,(N'nm0247383',N'tt0379786')
	,(N'nm0247804',N'tt0985699')
	,(N'nm0249383',N'tt0379786')
	,(N'nm0251840',N'tt0379786')
	,(N'nm0252230',N'tt0379786')
	,(N'nm0255753',N'tt0783233')
	,(N'nm0256241',N'tt0783233')
	,(N'nm0256249',N'tt1396484')
	,(N'nm0259222',N'tt0379786')
	,(N'nm0260679',N'tt0379786')
	,(N'nm0263181',N'tt0783233')
	,(N'nm0268066',N'tt1396484')
	,(N'nm0270665',N'tt0317705')
	,(N'nm0271051',N'tt0317705')
	,(N'nm0271096',N'tt0379786')
	,(N'nm0271134',N'tt0379786')
	,(N'nm0271479',N'tt0783233')
	,(N'nm0271658',N'tt0042332')
	,(N'nm0272568',N'tt0042332')
	,(N'nm0274821',N'tt1396484')
	,(N'nm0277213',N'tt0379786')
	,(N'nm0278566',N'tt0379786')
	,(N'nm0278755',N'tt3774114')
	,(N'nm0279052',N'tt3774114')
	,(N'nm0279648',N'tt0783233')
	,(N'nm0280809',N'tt0379786')
	,(N'nm0281012',N'tt0783233')
	,(N'nm0281494',N'tt0317705')
	,(N'nm0281944',N'tt0783233')
	,(N'nm0282294',N'tt0379786')
	,(N'nm0286342',N'tt0317705')
	,(N'nm0288370',N'tt0379786')
	,(N'nm0289270',N'tt0317705')
	,(N'nm0291031',N'tt0985699')
	,(N'nm0291172',N'tt0985699')
	,(N'nm0291208',N'tt0317705')
	,(N'nm0292141',N'tt0042332')
	,(N'nm0292231',N'tt3774114')
	,(N'nm0292300',N'tt0379786')
	,(N'nm0292513',N'tt0783233')
	,(N'nm0292668',N'tt0379786')
	,(N'nm0293802',N'tt0985699')
	,(N'nm0295227',N'tt0985699')
	,(N'nm0297306',N'tt0317705')
	,(N'nm0299735',N'tt0985699')
	,(N'nm0300272',N'tt3774114')
	,(N'nm0301747',N'tt0379786')
	,(N'nm0302965',N'tt2467372')
	,(N'nm0303073',N'tt2467372')
	,(N'nm0304801',N'tt0783233')
	,(N'nm0304918',N'tt0379786')
	,(N'nm0305087',N'tt0027977')
	,(N'nm0307094',N'tt3774114')
	,(N'nm0309860',N'tt0317705')
	,(N'nm0311564',N'tt0985699')
	,(N'nm0311673',N'tt0783233')
	,(N'nm0314671',N'tt0042332')
	,(N'nm0314867',N'tt0042332')
	,(N'nm0317015',N'tt0783233')
	,(N'nm0317104',N'tt1396484')
	,(N'nm0317430',N'tt0379786')
	,(N'nm0319266',N'tt1396484')
	,(N'nm0321874',N'tt2467372')
	,(N'nm0322002',N'tt0379786')
	,(N'nm0323568',N'tt0985699')
	,(N'nm0323761',N'tt0783233')
	,(N'nm0323807',N'tt0783233')
	,(N'nm0324473',N'tt0985699')
	,(N'nm0325253',N'tt0379786')
	,(N'nm0325612',N'tt3774114')
	,(N'nm0328210',N'tt0379786')
	,(N'nm0329634',N'tt2467372')
	,(N'nm0329984',N'tt0317705')
	,(N'nm0330047',N'tt0385002')
	,(N'nm0330402',N'tt1396484')
	,(N'nm0330738',N'tt0985699')
	,(N'nm0330951',N'tt1396484')
	,(N'nm0330960',N'tt3774114')
	,(N'nm0331920',N'tt0379786')
	,(N'nm0332793',N'tt0379786')
	,(N'nm0333890',N'tt0783233')
	,(N'nm0334381',N'tt1396484')
	,(N'nm0335029',N'tt0379786')
	,(N'nm0335228',N'tt0379786')
	,(N'nm0335615',N'tt0379786')
	,(N'nm0335780',N'tt0317705')
	,(N'nm0336353',N'tt0379786')
	,(N'nm0336744',N'tt0379786')
	,(N'nm0337901',N'tt0379786')
	,(N'nm0338242',N'tt0379786')
	,(N'nm0338311',N'tt0379786')
	,(N'nm0339391',N'tt0783233')
	,(N'nm0339877',N'tt0385002')
	,(N'nm0339954',N'tt0317705')
	,(N'nm0340499',N'tt3774114')
	,(N'nm0342430',N'tt0317705')
	,(N'nm0342553',N'tt0379786')
	,(N'nm0345833',N'tt0317705')
	,(N'nm0346263',N'tt0379786')
	,(N'nm0348149',N'tt0985699')
	,(N'nm0349344',N'tt0379786')
	,(N'nm0352074',N'tt0985699')
	,(N'nm0353629',N'tt0379786')
	,(N'nm0353974',N'tt0317705')
	,(N'nm0355405',N'tt0027977')
	,(N'nm0355877',N'tt0379786')
	,(N'nm0356550',N'tt0042332')
	,(N'nm0357413',N'tt0783233')
	,(N'nm0357445',N'tt0783233')
	,(N'nm0358960',N'tt0783233')
	,(N'nm0359808',N'tt0379786')
	,(N'nm0362575',N'tt0317705')
	,(N'nm0363828',N'tt1396484')
	,(N'nm0364437',N'tt0379786')
	,(N'nm0366217',N'tt0379786')
	,(N'nm0367023',N'tt0379786')
	,(N'nm0370931',N'tt2467372')
	,(N'nm0371514',N'tt0379786')
	,(N'nm0371553',N'tt0783233')
	,(N'nm0372866',N'tt0379786')
	,(N'nm0373883',N'tt3774114')
	,(N'nm0374204',N'tt3774114')
	,(N'nm0375960',N'tt0385002')
	,(N'nm0376245',N'tt0042332')
	,(N'nm0377181',N'tt0317705')
	,(N'nm0377323',N'tt0042332')
	,(N'nm0378655',N'tt0985699')
	,(N'nm0378723',N'tt0317705')
	,(N'nm0381465',N'tt0379786')
	,(N'nm0382484',N'tt0379786')
	,(N'nm0382548',N'tt0042332')
	,(N'nm0382611',N'tt0379786')
	,(N'nm0383076',N'tt0317705')
	,(N'nm0383799',N'tt0385002')
	,(N'nm0385145',N'tt0783233')
	,(N'nm0385931',N'tt0379786')
	,(N'nm0385993',N'tt0985699')
	,(N'nm0386972',N'tt0317705')
	,(N'nm0387756',N'tt0379786')
	,(N'nm0388264',N'tt0783233')
	,(N'nm0388704',N'tt0783233')
	,(N'nm0388800',N'tt0042332')
	,(N'nm0389111',N'tt0379786')
	,(N'nm0389112',N'tt0379786')
	,(N'nm0390123',N'tt0379786')
	,(N'nm0390657',N'tt2467372')
	,(N'nm0390802',N'tt0379786')
	,(N'nm0391961',N'tt0317705')
	,(N'nm0393151',N'tt0385002')
	,(N'nm0393837',N'tt0317705')
	,(N'nm0395673',N'tt3774114')
	,(N'nm0396675',N'tt0385002')
	,(N'nm0396924',N'tt0985699')
	,(N'nm0397917',N'tt2467372')
	,(N'nm0398837',N'tt0317705')
	,(N'nm0400249',N'tt0042332')
	,(N'nm0400949',N'tt1396484')
	,(N'nm0401051',N'tt0985699')
	,(N'nm0401360',N'tt0042332')
	,(N'nm0401442',N'tt0317705')
	,(N'nm0401726',N'tt3774114')
	,(N'nm0402342',N'tt0985699')
	,(N'nm0402928',N'tt0379786')
	,(N'nm0403051',N'tt0317705')
	,(N'nm0405072',N'tt0379786')
	,(N'nm0405373',N'tt0379786')
	,(N'nm0406212',N'tt1396484')
	,(N'nm0406975',N'tt3774114')
	,(N'nm0407179',N'tt0317705')
	,(N'nm0407614',N'tt2467372')
	,(N'nm0407618',N'tt0317705')
	,(N'nm0408016',N'tt0317705')
	,(N'nm0409031',N'tt1396484')
	,(N'nm0409754',N'tt0985699')
	,(N'nm0412304',N'tt0379786')
	,(N'nm0412650',N'tt0042332')
	,(N'nm0414037',N'tt0379786')
	,(N'nm0414144',N'tt0042332')
	,(N'nm0414232',N'tt0317705')
	,(N'nm0416810',N'tt0317705')
	,(N'nm0416946',N'tt0317705')
	,(N'nm0417120',N'tt0385002')
	,(N'nm0418534',N'tt0379786')
	,(N'nm0419623',N'tt3774114')
	,(N'nm0420709',N'tt0985699')
	,(N'nm0421136',N'tt0317705')
	,(N'nm0421658',N'tt0317705')
	,(N'nm0422442',N'tt0379786')
	,(N'nm0425082',N'tt0317705')
	,(N'nm0425380',N'tt0379786')
	,(N'nm0425823',N'tt0317705')
	,(N'nm0426508',N'tt0317705')
	,(N'nm0427854',N'tt0783233')
	,(N'nm0428549',N'tt0385002')
	,(N'nm0429840',N'tt0317705')
	,(N'nm0430203',N'tt0317705')
	,(N'nm0432525',N'tt2467372')
	,(N'nm0434465',N'tt0379786')
	,(N'nm0434829',N'tt0985699')
	,(N'nm0434829',N'tt3774114')
	,(N'nm0434969',N'tt0317705')
	,(N'nm0435729',N'tt0379786')
	,(N'nm0437301',N'tt0317705')
	,(N'nm0438184',N'tt0317705')
	,(N'nm0439935',N'tt0379786')
	,(N'nm0440194',N'tt0379786')
	,(N'nm0440791',N'tt0317705')
	,(N'nm0441381',N'tt0317705')
	,(N'nm0441899',N'tt1396484')
	,(N'nm0442209',N'tt0027977')
	,(N'nm0444582',N'tt0042332')
	,(N'nm0445856',N'tt0385002')
	,(N'nm0445881',N'tt0379786')
	,(N'nm0447545',N'tt0379786')
	,(N'nm0448876',N'tt0783233')
	,(N'nm0449671',N'tt0379786')
	,(N'nm0453450',N'tt0317705')
	,(N'nm0454041',N'tt0379786')
	,(N'nm0454265',N'tt0317705')
	,(N'nm0454579',N'tt0317705')
	,(N'nm0454757',N'tt0042332')
	,(N'nm0455079',N'tt0317705')
	,(N'nm0455292',N'tt0317705')
	,(N'nm0457161',N'tt0317705')
	,(N'nm0460301',N'tt1396484')
	,(N'nm0461136',N'tt0783233')
	,(N'nm0462201',N'tt0985699')
	,(N'nm0462933',N'tt0379786')
	,(N'nm0463983',N'tt0317705')
	,(N'nm0465740',N'tt3774114')
	,(N'nm0466633',N'tt3774114')
	,(N'nm0468091',N'tt0385002')
	,(N'nm0469609',N'tt0317705')
	,(N'nm0470171',N'tt0385002')
	,(N'nm0470256',N'tt0317705')
	,(N'nm0471153',N'tt0985699')
	,(N'nm0471167',N'tt1396484')
	,(N'nm0472187',N'tt0379786')
	,(N'nm0474067',N'tt0985699')
	,(N'nm0480339',N'tt0379786')
	,(N'nm0480810',N'tt0379786')
	,(N'nm0480971',N'tt0379786')
	,(N'nm0481619',N'tt0385002')
	,(N'nm0481801',N'tt0985699')
	,(N'nm0483698',N'tt0385002')
	,(N'nm0483828',N'tt2467372')
	,(N'nm0485620',N'tt0985699')
	,(N'nm0487121',N'tt0379786')
	,(N'nm0487368',N'tt0317705')
	,(N'nm0487822',N'tt0379786')
	,(N'nm0488271',N'tt0985699')
	,(N'nm0489478',N'tt0783233')
	,(N'nm0489809',N'tt0379786')
	,(N'nm0490251',N'tt0379786')
	,(N'nm0490792',N'tt2467372')
	,(N'nm0490987',N'tt0317705')
	,(N'nm0491602',N'tt0042332')
	,(N'nm0491604',N'tt0985699')
	,(N'nm0491611',N'tt0379786')
	,(N'nm0492376',N'tt0783233')
	,(N'nm0492767',N'tt0385002')
	,(N'nm0493791',N'tt0379786')
	,(N'nm0495574',N'tt0317705')
	,(N'nm0495870',N'tt0379786')
	,(N'nm0496572',N'tt0379786')
	,(N'nm0497019',N'tt0985699')
	,(N'nm0498175',N'tt1396484')
	,(N'nm0498439',N'tt0317705')
	,(N'nm0501443',N'tt0385002')
	,(N'nm0502105',N'tt0783233')
	,(N'nm0502662',N'tt0379786')
	,(N'nm0504434',N'tt0379786')
	,(N'nm0510140',N'tt0379786')
	,(N'nm0510936',N'tt0317705')
	,(N'nm0514396',N'tt0385002')
	,(N'nm0515256',N'tt0042332')
	,(N'nm0515962',N'tt0385002')
	,(N'nm0516004',N'tt0317705')
	,(N'nm0516084',N'tt0379786')
	,(N'nm0516092',N'tt0783233')
	,(N'nm0518112',N'tt0317705')
	,(N'nm0520782',N'tt0317705')
	,(N'nm0521861',N'tt0317705')
	,(N'nm0522816',N'tt0027977')
	,(N'nm0523542',N'tt0379786')
	,(N'nm0524111',N'tt0985699')
	,(N'nm0524306',N'tt0027977')
	,(N'nm0524726',N'tt0317705')
	,(N'nm0524796',N'tt0317705')
	,(N'nm0525993',N'tt3774114')
	,(N'nm0527206',N'tt0042332')
	,(N'nm0527217',N'tt0042332')
	,(N'nm0527890',N'tt1396484')
	,(N'nm0528260',N'tt0379786')
	,(N'nm0528709',N'tt0379786')
	,(N'nm0530709',N'tt0985699')
	,(N'nm0531206',N'tt2467372')
	,(N'nm0531763',N'tt0042332')
	,(N'nm0532002',N'tt0379786')
	,(N'nm0532947',N'tt0042332')
	,(N'nm0533691',N'tt0317705')
	,(N'nm0534240',N'tt0783233')
	,(N'nm0534259',N'tt0027977')
	,(N'nm0536843',N'tt0027977')
	,(N'nm0536883',N'tt0379786')
	,(N'nm0538984',N'tt0027977')
	,(N'nm0540959',N'tt0379786')
	,(N'nm0541645',N'tt0379786')
	,(N'nm0542688',N'tt0385002')
	,(N'nm0543726',N'tt0379786')
	,(N'nm0544190',N'tt0985699')
	,(N'nm0545220',N'tt0379786')
	,(N'nm0546741',N'tt0379786')
	,(N'nm0547050',N'tt0783233')
	,(N'nm0548243',N'tt0379786')
	,(N'nm0548525',N'tt0027977')
	,(N'nm0549833',N'tt3774114')
	,(N'nm0549944',N'tt0783233')
	,(N'nm0550048',N'tt0379786')
	,(N'nm0553716',N'tt0379786')
	,(N'nm0556659',N'tt0317705')
	,(N'nm0558704',N'tt0379786')
	,(N'nm0559095',N'tt1396484')
	,(N'nm0560382',N'tt0985699')
	,(N'nm0560911',N'tt0379786')
	,(N'nm0562336',N'tt3774114')
	,(N'nm0563859',N'tt0317705')
	,(N'nm0564215',N'tt0783233')
	,(N'nm0564243',N'tt0317705')
	,(N'nm0565425',N'tt0379786')
	,(N'nm0565493',N'tt0042332')
	,(N'nm0565703',N'tt0379786')
	,(N'nm0566462',N'tt0379786')
	,(N'nm0566717',N'tt0317705')
	,(N'nm0567557',N'tt3774114')
	,(N'nm0568526',N'tt0379786')
	,(N'nm0568605',N'tt0783233')
	,(N'nm0568974',N'tt0783233')
	,(N'nm0569186',N'tt0379786')
	,(N'nm0570704',N'tt0379786')
	,(N'nm0571156',N'tt0379786')
	,(N'nm0571160',N'tt0783233')
	,(N'nm0571901',N'tt0027977')
	,(N'nm0571930',N'tt2467372')
	,(N'nm0573651',N'tt0317705')
	,(N'nm0574900',N'tt0317705')
	,(N'nm0578706',N'tt0379786')
	,(N'nm0579343',N'tt0317705')
	,(N'nm0580014',N'tt0783233')
	,(N'nm0581393',N'tt0317705')
	,(N'nm0583047',N'tt0379786')
	,(N'nm0583390',N'tt0985699')
	,(N'nm0585658',N'tt1396484')
	,(N'nm0588938',N'tt0379786')
	,(N'nm0591994',N'tt0385002')
	,(N'nm0601216',N'tt0042332')
	,(N'nm0605502',N'tt0379786')
	,(N'nm0606062',N'tt0783233')
	,(N'nm0606398',N'tt0379786')
	,(N'nm0606923',N'tt0379786')
	,(N'nm0607648',N'tt0379786')
	,(N'nm0607956',N'tt0379786')
	,(N'nm0612278',N'tt0385002')
	,(N'nm0612391',N'tt0317705')
	,(N'nm0612533',N'tt0985699')
	,(N'nm0614056',N'tt0379786')
	,(N'nm0614320',N'tt0985699')
	,(N'nm0614330',N'tt0317705')
	,(N'nm0615562',N'tt0379786')
	,(N'nm0615592',N'tt1396484')
	,(N'nm0617127',N'tt0379786')
	,(N'nm0617852',N'tt0985699')
	,(N'nm0618541',N'tt0379786')
	,(N'nm0620234',N'tt0379786')
	,(N'nm0621168',N'tt0783233')
	,(N'nm0623135',N'tt1396484')
	,(N'nm0623659',N'tt0027977')
	,(N'nm0624895',N'tt0379786')
	,(N'nm0625131',N'tt0317705')
	,(N'nm0625686',N'tt0317705')
	,(N'nm0626256',N'tt0379786')
	,(N'nm0626933',N'tt2467372')
	,(N'nm0628168',N'tt0379786')
	,(N'nm0628599',N'tt0317705')
	,(N'nm0629385',N'tt0042332')
	,(N'nm0630257',N'tt0379786')
	,(N'nm0630524',N'tt0379786')
	,(N'nm0633818',N'tt2467372')
	,(N'nm0634442',N'tt0379786')
	,(N'nm0634486',N'tt0042332')
	,(N'nm0634671',N'tt0783233')
	,(N'nm0634955',N'tt0042332')
	,(N'nm0635712',N'tt0783233')
	,(N'nm0636637',N'tt0783233')
	,(N'nm0637040',N'tt0783233')
	,(N'nm0638582',N'tt0317705')
	,(N'nm0639649',N'tt0042332')
	,(N'nm0639657',N'tt0317705')
	,(N'nm0639679',N'tt0379786')
	,(N'nm0639689',N'tt0379786')
	,(N'nm0639724',N'tt0317705')
	,(N'nm0640408',N'tt0042332')
	,(N'nm0640677',N'tt0379786')
	,(N'nm0641351',N'tt0379786')
	,(N'nm0643710',N'tt0317705')
	,(N'nm0646061',N'tt3774114')
	,(N'nm0646185',N'tt1396484')
	,(N'nm0646277',N'tt0317705')
	,(N'nm0647013',N'tt0027977')
	,(N'nm0647239',N'tt0379786')
	,(N'nm0647476',N'tt0379786')
	,(N'nm0650214',N'tt0379786')
	,(N'nm0650637',N'tt0317705')
	,(N'nm0650973',N'tt3774114')
	,(N'nm0652429',N'tt0379786')
	,(N'nm0653211',N'tt0985699')
	,(N'nm0654295',N'tt0783233')
	,(N'nm0656320',N'tt2467372')
	,(N'nm0656564',N'tt0985699')
	,(N'nm0657609',N'tt0317705')
	,(N'nm0658144',N'tt1396484')
	,(N'nm0659959',N'tt0985699')
	,(N'nm0662088',N'tt0317705')
	,(N'nm0665396',N'tt0317705')
	,(N'nm0666369',N'tt0379786')
	,(N'nm0667066',N'tt1396484')
	,(N'nm0668414',N'tt0379786')
	,(N'nm0668429',N'tt0783233')
	,(N'nm0669062',N'tt0317705')
	,(N'nm0670328',N'tt0042332')
	,(N'nm0672093',N'tt0042332')
	,(N'nm0672915',N'tt3774114')
	,(N'nm0673001',N'tt0379786')
	,(N'nm0673527',N'tt0379786')
	,(N'nm0674096',N'tt0379786')
	,(N'nm0674518',N'tt0042332')
	,(N'nm0675278',N'tt2467372')
	,(N'nm0676608',N'tt0783233')
	,(N'nm0679888',N'tt2467372')
	,(N'nm0680029',N'tt0042332')
	,(N'nm0680575',N'tt0317705')
	,(N'nm0681055',N'tt0042332')
	,(N'nm0682521',N'tt0379786')
	,(N'nm0684520',N'tt0385002')
	,(N'nm0684962',N'tt0379786')
	,(N'nm0686612',N'tt1396484')
	,(N'nm0687954',N'tt0317705')
	,(N'nm0687993',N'tt0379786')
	,(N'nm0688080',N'tt0379786')
	,(N'nm0690674',N'tt0783233')
	,(N'nm0691117',N'tt0385002')
	,(N'nm0691526',N'tt3774114')
	,(N'nm0694105',N'tt0027977')
	,(N'nm0694201',N'tt0379786')
	,(N'nm0694336',N'tt2467372')
	,(N'nm0694372',N'tt0783233')
	,(N'nm0695344',N'tt0317705')
	,(N'nm0695701',N'tt0985699')
	,(N'nm0697233',N'tt1396484')
	,(N'nm0698112',N'tt0783233')
	,(N'nm0698133',N'tt0385002')
	,(N'nm0700056',N'tt0379786')
	,(N'nm0700434',N'tt0317705')
	,(N'nm0701243',N'tt0042332')
	,(N'nm0702725',N'tt0317705')
	,(N'nm0702817',N'tt0317705')
	,(N'nm0702925',N'tt0317705')
	,(N'nm0706032',N'tt0317705')
	,(N'nm0707795',N'tt2467372')
	,(N'nm0710053',N'tt0317705')
	,(N'nm0710527',N'tt0317705')
	,(N'nm0712645',N'tt0379786')
	,(N'nm0714417',N'tt2467372')
	,(N'nm0715354',N'tt0379786')
	,(N'nm0715687',N'tt0985699')
	,(N'nm0716146',N'tt0027977')
	,(N'nm0716206',N'tt0042332')
	,(N'nm0716926',N'tt2467372')
	,(N'nm0717499',N'tt0985699')
	,(N'nm0717603',N'tt0985699')
	,(N'nm0718848',N'tt0317705')
	,(N'nm0721637',N'tt0027977')
	,(N'nm0723662',N'tt0985699')
	,(N'nm0726980',N'tt0042332')
	,(N'nm0727370',N'tt0042332')
	,(N'nm0727611',N'tt0317705')
	,(N'nm0731856',N'tt0379786')
	,(N'nm0731989',N'tt0783233')
	,(N'nm0732765',N'tt0379786')
	,(N'nm0733105',N'tt0379786')
	,(N'nm0735272',N'tt0379786')
	,(N'nm0738480',N'tt0379786')
	,(N'nm0738863',N'tt0379786')
	,(N'nm0738918',N'tt0317705')
	,(N'nm0741592',N'tt0379786')
	,(N'nm0741928',N'tt0317705')
	,(N'nm0742747',N'tt0379786')
	,(N'nm0743351',N'tt0379786')
	,(N'nm0743601',N'tt0379786')
	,(N'nm0743724',N'tt0783233')
	,(N'nm0743828',N'tt0379786')
	,(N'nm0745178',N'tt0385002')
	,(N'nm0745310',N'tt1396484')
	,(N'nm0746808',N'tt0042332')
	,(N'nm0749339',N'tt0317705')
	,(N'nm0750908',N'tt0317705')
	,(N'nm0753893',N'tt0985699')
	,(N'nm0758521',N'tt0385002')
	,(N'nm0758798',N'tt0379786')
	,(N'nm0761395',N'tt3774114')
	,(N'nm0761866',N'tt0027977')
	,(N'nm0762586',N'tt0317705')
	,(N'nm0763062',N'tt1396484')
	,(N'nm0764102',N'tt0317705')
	,(N'nm0764336',N'tt0379786')
	,(N'nm0764780',N'tt0317705')
	,(N'nm0766557',N'tt0379786')
	,(N'nm0768102',N'tt0379786')
	,(N'nm0768541',N'tt0317705')
	,(N'nm0769863',N'tt0317705')
	,(N'nm0771179',N'tt0379786')
	,(N'nm0772804',N'tt0783233')
	,(N'nm0772835',N'tt0317705')
	,(N'nm0772862',N'tt0985699')
	,(N'nm0773185',N'tt0379786')
	,(N'nm0774516',N'tt0985699')
	,(N'nm0775185',N'tt0985699')
	,(N'nm0775331',N'tt0317705')
	,(N'nm0776203',N'tt0379786')
	,(N'nm0776628',N'tt0783233')
	,(N'nm0780349',N'tt0379786')
	,(N'nm0780799',N'tt0042332')
	,(N'nm0782544',N'tt0379786')
	,(N'nm0782905',N'tt0379786')
	,(N'nm0783792',N'tt0379786')
	,(N'nm0786803',N'tt0783233')
	,(N'nm0787450',N'tt2467372')
	,(N'nm0787537',N'tt0379786')
	,(N'nm0788130',N'tt0317705')
	,(N'nm0788402',N'tt0317705')
	,(N'nm0789313',N'tt0042332')
	,(N'nm0789474',N'tt0379786')
	,(N'nm0790339',N'tt0379786')
	,(N'nm0791285',N'tt0385002')
	,(N'nm0792005',N'tt0317705')
	,(N'nm0793629',N'tt0379786')
	,(N'nm0793824',N'tt0317705')
	;
	INSERT INTO PersonKnownTitle VALUES
	(N'nm0794856',N'tt0379786')
	,(N'nm0795034',N'tt0385002')
	,(N'nm0795262',N'tt0379786')
	,(N'nm0796425',N'tt0379786')
	,(N'nm0796817',N'tt0379786')
	,(N'nm0796914',N'tt0379786')
	,(N'nm0799011',N'tt0317705')
	,(N'nm0799984',N'tt2467372')
	,(N'nm0801548',N'tt0317705')
	,(N'nm0802651',N'tt0379786')
	,(N'nm0803309',N'tt0317705')
	,(N'nm0803889',N'tt1396484')
	,(N'nm0806351',N'tt0042332')
	,(N'nm0808136',N'tt0379786')
	,(N'nm0812307',N'tt0317705')
	,(N'nm0812870',N'tt0985699')
	,(N'nm0815301',N'tt0385002')
	,(N'nm0817968',N'tt0027977')
	,(N'nm0818005',N'tt0783233')
	,(N'nm0820094',N'tt0385002')
	,(N'nm0820984',N'tt0783233')
	,(N'nm0821612',N'tt0379786')
	,(N'nm0821731',N'tt0379786')
	,(N'nm0822298',N'tt3774114')
	,(N'nm0823560',N'tt1396484')
	,(N'nm0823782',N'tt0783233')
	,(N'nm0823948',N'tt0985699')
	,(N'nm0824275',N'tt0042332')
	,(N'nm0824523',N'tt0027977')
	,(N'nm0825624',N'tt0027977')
	,(N'nm0825764',N'tt0379786')
	,(N'nm0826310',N'tt0379786')
	,(N'nm0828096',N'tt0317705')
	,(N'nm0829050',N'tt0317705')
	,(N'nm0829622',N'tt0042332')
	,(N'nm0830322',N'tt0379786')
	,(N'nm0830514',N'tt0379786')
	,(N'nm0830809',N'tt0317705')
	,(N'nm0831017',N'tt0379786')
	,(N'nm0834574',N'tt0379786')
	,(N'nm0837227',N'tt0379786')
	,(N'nm0837875',N'tt3774114')
	,(N'nm0839375',N'tt0379786')
	,(N'nm0839853',N'tt0985699')
	,(N'nm0840160',N'tt1396484')
	,(N'nm0840339',N'tt0027977')
	,(N'nm0840493',N'tt0379786')
	,(N'nm0843230',N'tt0379786')
	,(N'nm0846487',N'tt0379786')
	,(N'nm0847988',N'tt0379786')
	,(N'nm0849203',N'tt0379786')
	,(N'nm0850057',N'tt0379786')
	,(N'nm0851379',N'tt0379786')
	,(N'nm0852041',N'tt0379786')
	,(N'nm0852157',N'tt0379786')
	,(N'nm0853231',N'tt0379786')
	,(N'nm0853859',N'tt0042332')
	,(N'nm0857752',N'tt0783233')
	,(N'nm0858378',N'tt0317705')
	,(N'nm0858474',N'tt0317705')
	,(N'nm0858826',N'tt0317705')
	,(N'nm0859004',N'tt0379786')
	,(N'nm0859561',N'tt0985699')
	,(N'nm0859600',N'tt0379786')
	,(N'nm0860653',N'tt0379786')
	,(N'nm0863231',N'tt0379786')
	,(N'nm0863347',N'tt0783233')
	,(N'nm0864876',N'tt0783233')
	,(N'nm0866579',N'tt0783233')
	,(N'nm0867511',N'tt0042332')
	,(N'nm0867527',N'tt0985699')
	,(N'nm0867707',N'tt0317705')
	,(N'nm0868659',N'tt0379786')
	,(N'nm0869375',N'tt0783233')
	,(N'nm0869525',N'tt0379786')
	,(N'nm0871539',N'tt0317705')
	,(N'nm0872514',N'tt0317705')
	,(N'nm0873040',N'tt1396484')
	,(N'nm0873906',N'tt0379786')
	,(N'nm0877627',N'tt0985699')
	,(N'nm0877768',N'tt0783233')
	,(N'nm0878883',N'tt0783233')
	,(N'nm0880387',N'tt1396484')
	,(N'nm0881992',N'tt0985699')
	,(N'nm0886908',N'tt0317705')
	,(N'nm0887887',N'tt0042332')
	,(N'nm0888928',N'tt0317705')
	,(N'nm0893433',N'tt0317705')
	,(N'nm0899304',N'tt0985699')
	,(N'nm0901088',N'tt0985699')
	,(N'nm0903637',N'tt0783233')
	,(N'nm0904273',N'tt0783233')
	,(N'nm0907626',N'tt0317705')
	,(N'nm0907869',N'tt0317705')
	,(N'nm0908220',N'tt3774114')
	,(N'nm0908597',N'tt0379786')
	,(N'nm0908737',N'tt1396484')
	,(N'nm0909759',N'tt0317705')
	,(N'nm0910040',N'tt0783233')
	,(N'nm0912243',N'tt0317705')
	,(N'nm0912272',N'tt1396484')
	,(N'nm0912700',N'tt3774114')
	,(N'nm0912733',N'tt1396484')
	,(N'nm0912892',N'tt0317705')
	,(N'nm0912938',N'tt0385002')
	,(N'nm0913225',N'tt1396484')
	,(N'nm0914890',N'tt0783233')
	,(N'nm0915864',N'tt0985699')
	,(N'nm0916037',N'tt0783233')
	,(N'nm0916636',N'tt0985699')
	,(N'nm0916676',N'tt0379786')
	,(N'nm0916986',N'tt0783233')
	,(N'nm0917500',N'tt0317705')
	,(N'nm0917987',N'tt0317705')
	,(N'nm0918021',N'tt2467372')
	,(N'nm0918219',N'tt0379786')
	,(N'nm0920167',N'tt0783233')
	,(N'nm0921953',N'tt0317705')
	,(N'nm0922169',N'tt0783233')
	,(N'nm0923234',N'tt0985699')
	,(N'nm0923886',N'tt0379786')
	,(N'nm0924279',N'tt0042332')
	,(N'nm0925786',N'tt0985699')
	,(N'nm0927678',N'tt0985699')
	,(N'nm0927706',N'tt2467372')
	,(N'nm0927835',N'tt0783233')
	,(N'nm0929488',N'tt1396484')
	,(N'nm0929945',N'tt0379786')
	,(N'nm0930377',N'tt0379786')
	,(N'nm0930430',N'tt0317705')
	,(N'nm0931199',N'tt0042332')
	,(N'nm0931521',N'tt0042332')
	,(N'nm0931807',N'tt0985699')
	,(N'nm0931853',N'tt0783233')
	,(N'nm0932508',N'tt0379786')
	,(N'nm0933017',N'tt0985699')
	,(N'nm0933464',N'tt2467372')
	,(N'nm0933612',N'tt0379786')
	,(N'nm0934049',N'tt3774114')
	,(N'nm0936793',N'tt0317705')
	,(N'nm0936818',N'tt0042332')
	,(N'nm0940184',N'tt0317705')
	,(N'nm0940627',N'tt0042332')
	,(N'nm0940966',N'tt0042332')
	,(N'nm0941010',N'tt0379786')
	,(N'nm0941361',N'tt0317705')
	,(N'nm0942504',N'tt0783233')
	,(N'nm0943142',N'tt0317705')
	,(N'nm0944885',N'tt0379786')
	,(N'nm0947030',N'tt0317705')
	,(N'nm0948396',N'tt0317705')
	,(N'nm0949078',N'tt0317705')
	,(N'nm0949671',N'tt0379786')
	,(N'nm0954388',N'tt0985699')
	,(N'nm0957950',N'tt0317705')
	,(N'nm0958415',N'tt0385002')
	,(N'nm0958427',N'tt0379786')
	,(N'nm0962849',N'tt2467372')
	,(N'nm0962964',N'tt0379786')
	,(N'nm0970555',N'tt0379786')
	,(N'nm0971469',N'tt1396484')
	,(N'nm0971494',N'tt0985699')
	,(N'nm0972372',N'tt0379786')
	,(N'nm0988628',N'tt0385002')
	,(N'nm0990827',N'tt0783233')
	,(N'nm0993827',N'tt0379786')
	,(N'nm0995695',N'tt0379786')
	,(N'nm0996458',N'tt0317705')
	,(N'nm1000078',N'tt0985699')
	,(N'nm1006196',N'tt0783233')
	,(N'nm1009653',N'tt1396484')
	,(N'nm1010048',N'tt0379786')
	,(N'nm1010296',N'tt0379786')
	,(N'nm1012812',N'tt0379786')
	,(N'nm1013929',N'tt0379786')
	,(N'nm1015063',N'tt2467372')
	,(N'nm1015333',N'tt0317705')
	,(N'nm1016317',N'tt2467372')
	,(N'nm1017246',N'tt2467372')
	,(N'nm1017334',N'tt0783233')
	,(N'nm1019057',N'tt0317705')
	,(N'nm1019314',N'tt0385002')
	,(N'nm1019621',N'tt0379786')
	,(N'nm1020410',N'tt0317705')
	,(N'nm1021806',N'tt3774114')
	,(N'nm1023433',N'tt1396484')
	,(N'nm1023578',N'tt1396484')
	,(N'nm1025385',N'tt2467372')
	,(N'nm1027302',N'tt0317705')
	,(N'nm1028496',N'tt1396484')
	,(N'nm1029691',N'tt0379786')
	,(N'nm1030062',N'tt0317705')
	,(N'nm1031971',N'tt0379786')
	,(N'nm1033955',N'tt0379786')
	,(N'nm1037119',N'tt0379786')
	,(N'nm1037674',N'tt0379786')
	,(N'nm1037705',N'tt0379786')
	,(N'nm1040300',N'tt0042332')
	,(N'nm1042183',N'tt0385002')
	,(N'nm1044562',N'tt0783233')
	,(N'nm1044805',N'tt0379786')
	,(N'nm1045823',N'tt0317705')
	,(N'nm1048216',N'tt0783233')
	,(N'nm1050211',N'tt2467372')
	,(N'nm1051810',N'tt0379786')
	,(N'nm1056371',N'tt0379786')
	,(N'nm1057134',N'tt0379786')
	,(N'nm1059229',N'tt1396484')
	,(N'nm1060534',N'tt0379786')
	,(N'nm1061203',N'tt0379786')
	,(N'nm1061441',N'tt0385002')
	,(N'nm1064493',N'tt0379786')
	,(N'nm1064774',N'tt0985699')
	,(N'nm1065939',N'tt0317705')
	,(N'nm1066171',N'tt0385002')
	,(N'nm1069330',N'tt0379786')
	,(N'nm1069780',N'tt0317705')
	,(N'nm1070559',N'tt0317705')
	,(N'nm1071982',N'tt0317705')
	,(N'nm1072116',N'tt2467372')
	,(N'nm1072197',N'tt0317705')
	,(N'nm1072555',N'tt0379786')
	,(N'nm1073042',N'tt0317705')
	,(N'nm1075003',N'tt0985699')
	,(N'nm1075733',N'tt0317705')
	,(N'nm1077886',N'tt0985699')
	,(N'nm1079153',N'tt0379786')
	,(N'nm1079391',N'tt0379786')
	,(N'nm1079781',N'tt2467372')
	,(N'nm1082582',N'tt0985699')
	,(N'nm1086527',N'tt0379786')
	,(N'nm1087839',N'tt0379786')
	,(N'nm1088974',N'tt0317705')
	,(N'nm1090536',N'tt0379786')
	,(N'nm1097351',N'tt0379786')
	,(N'nm1097408',N'tt3774114')
	,(N'nm1098840',N'tt0317705')
	,(N'nm1099425',N'tt0042332')
	,(N'nm1099867',N'tt0985699')
	,(N'nm1102970',N'tt0317705')
	,(N'nm1103229',N'tt0317705')
	,(N'nm1105338',N'tt0985699')
	,(N'nm1105571',N'tt0985699')
	,(N'nm1105929',N'tt0317705')
	,(N'nm1112550',N'tt0985699')
	,(N'nm1113457',N'tt1396484')
	,(N'nm1114382',N'tt0385002')
	,(N'nm1118291',N'tt0317705')
	,(N'nm1120873',N'tt0783233')
	,(N'nm1121444',N'tt0379786')
	,(N'nm1122367',N'tt0379786')
	,(N'nm1122658',N'tt0317705')
	,(N'nm1126619',N'tt1396484')
	,(N'nm1129542',N'tt0379786')
	,(N'nm1129626',N'tt0317705')
	,(N'nm1129998',N'tt0317705')
	,(N'nm1132359',N'tt0379786')
	,(N'nm1132987',N'tt0783233')
	,(N'nm1134016',N'tt0379786')
	,(N'nm1134118',N'tt2467372')
	,(N'nm1135180',N'tt0379786')
	,(N'nm1140594',N'tt0985699')
	,(N'nm1141261',N'tt2467372')
	,(N'nm1141621',N'tt1396484')
	,(N'nm1145044',N'tt0783233')
	,(N'nm1145435',N'tt0379786')
	,(N'nm1145760',N'tt0317705')
	,(N'nm1147574',N'tt0317705')
	,(N'nm1148326',N'tt0385002')
	,(N'nm1148718',N'tt0783233')
	,(N'nm1151401',N'tt2467372')
	,(N'nm1154475',N'tt0317705')
	,(N'nm1155378',N'tt0379786')
	,(N'nm1156581',N'tt0379786')
	,(N'nm1157557',N'tt0379786')
	,(N'nm1157771',N'tt1396484')
	,(N'nm1159119',N'tt0985699')
	,(N'nm1165422',N'tt0379786')
	,(N'nm1167405',N'tt0385002')
	,(N'nm1168488',N'tt0783233')
	,(N'nm1170416',N'tt1396484')
	,(N'nm1171145',N'tt0783233')
	,(N'nm1173282',N'tt3774114')
	,(N'nm1174214',N'tt0317705')
	,(N'nm1176600',N'tt0379786')
	,(N'nm1178155',N'tt0027977')
	,(N'nm1179232',N'tt0317705')
	,(N'nm1180683',N'tt0027977')
	,(N'nm1180937',N'tt0783233')
	,(N'nm1181242',N'tt3774114')
	,(N'nm1182495',N'tt0379786')
	,(N'nm1182594',N'tt2467372')
	,(N'nm1190635',N'tt0317705')
	,(N'nm1192785',N'tt0379786')
	,(N'nm1197118',N'tt2467372')
	,(N'nm1197231',N'tt2467372')
	,(N'nm1202622',N'tt0317705')
	,(N'nm1209308',N'tt0317705')
	,(N'nm1210876',N'tt0783233')
	,(N'nm1212570',N'tt0379786')
	,(N'nm1213889',N'tt3774114')
	,(N'nm1214033',N'tt0317705')
	,(N'nm1215142',N'tt0379786')
	,(N'nm1217377',N'tt0379786')
	,(N'nm1224826',N'tt2467372')
	,(N'nm1225202',N'tt2467372')
	,(N'nm1225969',N'tt0317705')
	,(N'nm1226965',N'tt1396484')
	,(N'nm1228163',N'tt0317705')
	,(N'nm1231225',N'tt0379786')
	,(N'nm1235903',N'tt0379786')
	,(N'nm1237891',N'tt0385002')
	,(N'nm1238998',N'tt0783233')
	,(N'nm1241359',N'tt3774114')
	,(N'nm1241898',N'tt0379786')
	,(N'nm1241943',N'tt3774114')
	,(N'nm1242162',N'tt0985699')
	,(N'nm1242529',N'tt0379786')
	,(N'nm1246060',N'tt0379786')
	,(N'nm1247659',N'tt3774114')
	,(N'nm1248798',N'tt0379786')
	,(N'nm1248865',N'tt0985699')
	,(N'nm1250355',N'tt0027977')
	,(N'nm1251375',N'tt0379786')
	,(N'nm1254521',N'tt0985699')
	,(N'nm1255363',N'tt0379786')
	,(N'nm1258496',N'tt0379786')
	,(N'nm1259646',N'tt0783233')
	,(N'nm1261333',N'tt0985699')
	,(N'nm1261793',N'tt0379786')
	,(N'nm1262355',N'tt0379786')
	,(N'nm1262578',N'tt0379786')
	,(N'nm1264342',N'tt0783233')
	,(N'nm1264346',N'tt0379786')
	,(N'nm1265485',N'tt0317705')
	,(N'nm1267492',N'tt0985699')
	,(N'nm1267555',N'tt0385002')
	,(N'nm1268603',N'tt0783233')
	,(N'nm1274863',N'tt0317705')
	,(N'nm1275226',N'tt0317705')
	,(N'nm1277712',N'tt0317705')
	,(N'nm1278930',N'tt0379786')
	,(N'nm1281040',N'tt0379786')
	,(N'nm1284322',N'tt0783233')
	,(N'nm1285750',N'tt0317705')
	,(N'nm1286060',N'tt1396484')
	,(N'nm1286314',N'tt0027977')
	,(N'nm1287151',N'tt0985699')
	,(N'nm1287799',N'tt1396484')
	,(N'nm1289708',N'tt1396484')
	,(N'nm1289774',N'tt1396484')
	,(N'nm1292263',N'tt0379786')
	,(N'nm1296785',N'tt0985699')
	,(N'nm1299832',N'tt0783233')
	,(N'nm1301564',N'tt1396484')
	,(N'nm1303914',N'tt0379786')
	,(N'nm1306014',N'tt1396484')
	,(N'nm1306482',N'tt0317705')
	,(N'nm1309186',N'tt0379786')
	,(N'nm1312651',N'tt0385002')
	,(N'nm1313366',N'tt1396484')
	,(N'nm1315375',N'tt0379786')
	,(N'nm1316958',N'tt1396484')
	,(N'nm1317164',N'tt3774114')
	,(N'nm1317477',N'tt2467372')
	,(N'nm1318982',N'tt0317705')
	,(N'nm1319598',N'tt0317705')
	,(N'nm1322596',N'tt0985699')
	,(N'nm1322662',N'tt0379786')
	,(N'nm1323488',N'tt3774114')
	,(N'nm1323800',N'tt0985699')
	,(N'nm1325010',N'tt0385002')
	,(N'nm1327122',N'tt0379786')
	,(N'nm1329966',N'tt0385002')
	,(N'nm1330675',N'tt0379786')
	,(N'nm1331378',N'tt0379786')
	,(N'nm1335463',N'tt0385002')
	,(N'nm1339782',N'tt0379786')
	,(N'nm1342566',N'tt0985699')
	,(N'nm1345229',N'tt0042332')
	,(N'nm1347011',N'tt0985699')
	,(N'nm1347940',N'tt0385002')
	,(N'nm1350048',N'tt3774114')
	,(N'nm1351652',N'tt0379786')
	,(N'nm1353236',N'tt0317705')
	,(N'nm1353341',N'tt0985699')
	,(N'nm1357160',N'tt1396484')
	,(N'nm1358817',N'tt0385002')
	,(N'nm1360170',N'tt2467372')
	,(N'nm1361989',N'tt0317705')
	,(N'nm1363701',N'tt0379786')
	,(N'nm1365590',N'tt0379786')
	,(N'nm1367289',N'tt0985699')
	,(N'nm1371136',N'tt3774114')
	,(N'nm1371616',N'tt2467372')
	,(N'nm1372127',N'tt0385002')
	,(N'nm1373621',N'tt0385002')
	,(N'nm1376543',N'tt0317705')
	,(N'nm1378329',N'tt2467372')
	,(N'nm1381407',N'tt0317705')
	,(N'nm1382165',N'tt0317705')
	,(N'nm1382213',N'tt0379786')
	,(N'nm1383482',N'tt0317705')
	,(N'nm1384126',N'tt0317705')
	,(N'nm1384254',N'tt1396484')
	,(N'nm1386605',N'tt0317705')
	,(N'nm1386705',N'tt1396484')
	,(N'nm1387021',N'tt0379786')
	,(N'nm1388855',N'tt0379786')
	,(N'nm1389375',N'tt0783233')
	,(N'nm1390496',N'tt2467372')
	,(N'nm1393977',N'tt0317705')
	,(N'nm1394055',N'tt0317705')
	,(N'nm1397891',N'tt0985699')
	,(N'nm1398299',N'tt0985699')
	,(N'nm1399508',N'tt0379786')
	,(N'nm1401883',N'tt0379786')
	,(N'nm1402025',N'tt0379786')
	,(N'nm1402413',N'tt0317705')
	,(N'nm1403550',N'tt1396484')
	,(N'nm1408704',N'tt0385002')
	,(N'nm1409226',N'tt0317705')
	,(N'nm1409996',N'tt2467372')
	,(N'nm1410228',N'tt0317705')
	,(N'nm1414109',N'tt0385002')
	,(N'nm1414521',N'tt1396484')
	,(N'nm1416082',N'tt0379786')
	,(N'nm1422218',N'tt0379786')
	,(N'nm1423825',N'tt0379786')
	,(N'nm1424059',N'tt0385002')
	,(N'nm1425096',N'tt0317705')
	,(N'nm1426375',N'tt0379786')
	,(N'nm1428327',N'tt0379786')
	,(N'nm1429416',N'tt3774114')
	,(N'nm1430362',N'tt0379786')
	,(N'nm1430966',N'tt0783233')
	,(N'nm1433232',N'tt0317705')
	,(N'nm1433528',N'tt2467372')
	,(N'nm1435401',N'tt0317705')
	,(N'nm1439462',N'tt1396484')
	,(N'nm1442550',N'tt0379786')
	,(N'nm1443869',N'tt0317705')
	,(N'nm1445710',N'tt0783233')
	,(N'nm1449643',N'tt0379786')
	,(N'nm1451414',N'tt0783233')
	,(N'nm1453056',N'tt0317705')
	,(N'nm1453396',N'tt0385002')
	,(N'nm1455688',N'tt2467372')
	,(N'nm1460644',N'tt1396484')
	,(N'nm1460887',N'tt2467372')
	,(N'nm1463156',N'tt0317705')
	,(N'nm1464261',N'tt0985699')
	,(N'nm1465127',N'tt0379786')
	,(N'nm1466536',N'tt0985699')
	,(N'nm1468559',N'tt0385002')
	,(N'nm1471987',N'tt0985699')
	,(N'nm1471990',N'tt0385002')
	,(N'nm1472469',N'tt2467372')
	,(N'nm1476601',N'tt2467372')
	,(N'nm1482301',N'tt3774114')
	,(N'nm1491540',N'tt0385002')
	,(N'nm1492612',N'tt0317705')
	,(N'nm1496302',N'tt0379786')
	,(N'nm1496367',N'tt0379786')
	,(N'nm1497594',N'tt0385002')
	,(N'nm1497730',N'tt0985699')
	,(N'nm1499734',N'tt2467372')
	,(N'nm1503511',N'tt0379786')
	,(N'nm1505828',N'tt0379786')
	,(N'nm1509443',N'tt0379786')
	,(N'nm1509596',N'tt0379786')
	,(N'nm1510219',N'tt3774114')
	,(N'nm1510849',N'tt0317705')
	,(N'nm1511380',N'tt0379786')
	,(N'nm1511381',N'tt0379786')
	,(N'nm1511389',N'tt0379786')
	,(N'nm1515139',N'tt0317705')
	,(N'nm1519680',N'tt0783233')
	,(N'nm1520384',N'tt0379786')
	,(N'nm1520974',N'tt0317705')
	,(N'nm1523754',N'tt0317705')
	,(N'nm1524058',N'tt0317705')
	,(N'nm1524220',N'tt0379786')
	,(N'nm1528241',N'tt0379786')
	,(N'nm1528328',N'tt0783233')
	,(N'nm1529102',N'tt0379786')
	,(N'nm1529191',N'tt0985699')
	,(N'nm1531626',N'tt0317705')
	,(N'nm1533705',N'tt2467372')
	,(N'nm1534682',N'tt0985699')
	,(N'nm1547265',N'tt0379786')
	,(N'nm1549143',N'tt0379786')
	,(N'nm1552226',N'tt0379786')
	,(N'nm1555819',N'tt1396484')
	,(N'nm1555882',N'tt0783233')
	,(N'nm1556024',N'tt2467372')
	,(N'nm1557783',N'tt0985699')
	,(N'nm1557991',N'tt0783233')
	,(N'nm1560977',N'tt1396484')
	,(N'nm1562922',N'tt0379786')
	,(N'nm1562989',N'tt0317705')
	,(N'nm1565688',N'tt0317705')
	,(N'nm1566803',N'tt0379786')
	,(N'nm1568762',N'tt0379786')
	,(N'nm1569381',N'tt0783233')
	,(N'nm1570766',N'tt2467372')
	,(N'nm1573324',N'tt0385002')
	,(N'nm1574575',N'tt0379786')
	,(N'nm1575186',N'tt0385002')
	,(N'nm1577754',N'tt0385002')
	,(N'nm1578581',N'tt1396484')
	,(N'nm1578753',N'tt1396484')
	,(N'nm1582670',N'tt2467372')
	,(N'nm1593028',N'tt0317705')
	,(N'nm1597982',N'tt0783233')
	,(N'nm1598917',N'tt0783233')
	,(N'nm1599634',N'tt0379786')
	,(N'nm1599781',N'tt0385002')
	,(N'nm1600310',N'tt0783233')
	,(N'nm1600311',N'tt0783233')
	,(N'nm1603942',N'tt3774114')
	,(N'nm1604269',N'tt0985699')
	,(N'nm1614665',N'tt0385002')
	,(N'nm1616489',N'tt0385002')
	,(N'nm1616822',N'tt0385002')
	,(N'nm1616864',N'tt0379786')
	,(N'nm1617308',N'tt2467372')
	,(N'nm1618771',N'tt0783233')
	,(N'nm1619180',N'tt0317705')
	,(N'nm1619326',N'tt0379786')
	,(N'nm1619348',N'tt0317705')
	,(N'nm1619400',N'tt0379786')
	,(N'nm1619542',N'tt2467372')
	,(N'nm1621811',N'tt2467372')
	,(N'nm1624865',N'tt0985699')
	,(N'nm1625732',N'tt2467372')
	,(N'nm1629173',N'tt0985699')
	,(N'nm1629600',N'tt0379786')
	,(N'nm1629617',N'tt0317705')
	,(N'nm1634122',N'tt0379786')
	,(N'nm1634307',N'tt3774114')
	,(N'nm1635195',N'tt0385002')
	,(N'nm1636229',N'tt0379786')
	,(N'nm1636623',N'tt0379786')
	,(N'nm1637872',N'tt0985699')
	,(N'nm1638914',N'tt0379786')
	,(N'nm1639889',N'tt0379786')
	,(N'nm1643805',N'tt2467372')
	,(N'nm1643963',N'tt0379786')
	,(N'nm1645100',N'tt0317705')
	,(N'nm1645489',N'tt0379786')
	,(N'nm1651045',N'tt0385002')
	,(N'nm1652119',N'tt0379786')
	,(N'nm1653029',N'tt0379786')
	,(N'nm1653631',N'tt0317705')
	,(N'nm1653632',N'tt0783233')
	,(N'nm1654461',N'tt0317705')
	,(N'nm1657323',N'tt0317705')
	,(N'nm1657342',N'tt0317705')
	,(N'nm1657668',N'tt0985699')
	,(N'nm1658656',N'tt0783233')
	,(N'nm1661218',N'tt0985699')
	,(N'nm1663420',N'tt0985699')
	,(N'nm1665449',N'tt0385002')
	,(N'nm1666074',N'tt0985699')
	,(N'nm1674196',N'tt0317705')
	,(N'nm1678203',N'tt0027977')
	,(N'nm1682137',N'tt0027977')
	,(N'nm1683338',N'tt3774114')
	,(N'nm1693493',N'tt1396484')
	,(N'nm1695842',N'tt3774114')
	,(N'nm1695971',N'tt0783233')
	,(N'nm1697755',N'tt0385002')
	,(N'nm1698314',N'tt1396484')
	,(N'nm1698837',N'tt0385002')
	,(N'nm1700235',N'tt0317705')
	,(N'nm1700620',N'tt2467372')
	,(N'nm1701680',N'tt0385002')
	,(N'nm1710171',N'tt0317705')
	,(N'nm1710198',N'tt1396484')
	,(N'nm1713378',N'tt0317705')
	,(N'nm1714016',N'tt0317705')
	,(N'nm1715797',N'tt0317705')
	,(N'nm1721156',N'tt2467372')
	,(N'nm1721566',N'tt0783233')
	,(N'nm1725158',N'tt0379786')
	,(N'nm1730429',N'tt0385002')
	,(N'nm1730874',N'tt0317705')
	,(N'nm1730898',N'tt0317705')
	,(N'nm1731499',N'tt2467372')
	,(N'nm1733436',N'tt0783233')
	,(N'nm1733815',N'tt0317705')
	,(N'nm1733986',N'tt0317705')
	,(N'nm1734947',N'tt2467372')
	,(N'nm1736829',N'tt0783233')
	,(N'nm1737885',N'tt0317705')
	,(N'nm1739150',N'tt0317705')
	,(N'nm1739162',N'tt0317705')
	,(N'nm1739163',N'tt0317705')
	,(N'nm1739166',N'tt0317705')
	,(N'nm1739167',N'tt0317705')
	,(N'nm1739264',N'tt0317705')
	,(N'nm1740531',N'tt0317705')
	,(N'nm1740632',N'tt0317705')
	,(N'nm1740752',N'tt0317705')
	,(N'nm1740759',N'tt0317705')
	,(N'nm1740764',N'tt0317705')
	,(N'nm1741148',N'tt0783233')
	,(N'nm1741445',N'tt0985699')
	,(N'nm1744239',N'tt0379786')
	,(N'nm1744308',N'tt0379786')
	,(N'nm1744410',N'tt0317705')
	,(N'nm1744642',N'tt0385002')
	,(N'nm1745451',N'tt0985699')
	,(N'nm1746722',N'tt0317705')
	,(N'nm1747065',N'tt0317705')
	,(N'nm1747067',N'tt0317705')
	,(N'nm1747101',N'tt0317705')
	,(N'nm1747120',N'tt0317705')
	,(N'nm1747130',N'tt0317705')
	,(N'nm1747568',N'tt0317705')
	,(N'nm1747600',N'tt0317705')
	,(N'nm1747995',N'tt0317705')
	,(N'nm1748347',N'tt0317705')
	,(N'nm1748348',N'tt0317705')
	,(N'nm1748693',N'tt0317705')
	,(N'nm1750029',N'tt0317705')
	,(N'nm1750036',N'tt0317705')
	,(N'nm1750039',N'tt0317705')
	,(N'nm1750083',N'tt0317705')
	,(N'nm1750090',N'tt0317705')
	,(N'nm1750123',N'tt0317705')
	,(N'nm1750141',N'tt0317705')
	,(N'nm1750230',N'tt0317705')
	,(N'nm1750251',N'tt0317705')
	,(N'nm1750285',N'tt0317705')
	,(N'nm1750297',N'tt0317705')
	,(N'nm1750699',N'tt0317705')
	,(N'nm1751233',N'tt0317705')
	,(N'nm1751329',N'tt0317705')
	,(N'nm1751461',N'tt0317705')
	,(N'nm1751521',N'tt0317705')
	,(N'nm1751572',N'tt0783233')
	,(N'nm1752292',N'tt0317705')
	,(N'nm1752294',N'tt0317705')
	,(N'nm1752303',N'tt0317705')
	,(N'nm1752319',N'tt0317705')
	,(N'nm1752333',N'tt0317705')
	,(N'nm1752382',N'tt0317705')
	,(N'nm1752409',N'tt0317705')
	,(N'nm1752415',N'tt0317705')
	,(N'nm1752430',N'tt0317705')
	,(N'nm1752457',N'tt0317705')
	,(N'nm1752464',N'tt0317705')
	,(N'nm1752926',N'tt0783233')
	,(N'nm1755118',N'tt0317705')
	,(N'nm1755541',N'tt0317705')
	,(N'nm1756201',N'tt0385002')
	,(N'nm1756674',N'tt0985699')
	,(N'nm1757779',N'tt1396484')
	,(N'nm1762378',N'tt3774114')
	,(N'nm1762524',N'tt0379786')
	,(N'nm1762697',N'tt0317705')
	,(N'nm1765369',N'tt0317705')
	,(N'nm1769651',N'tt0317705')
	,(N'nm1770244',N'tt1396484')
	,(N'nm1776719',N'tt3774114')
	,(N'nm1776741',N'tt0317705')
	,(N'nm1781521',N'tt0317705')
	,(N'nm1781806',N'tt1396484')
	,(N'nm1782254',N'tt2467372')
	,(N'nm1782585',N'tt0379786')
	,(N'nm1783720',N'tt0379786')
	,(N'nm1784330',N'tt2467372')
	,(N'nm1786625',N'tt1396484')
	,(N'nm1787397',N'tt2467372')
	,(N'nm1791266',N'tt0379786')
	,(N'nm1793233',N'tt0379786')
	,(N'nm1793376',N'tt0385002')
	,(N'nm1798674',N'tt0379786')
	,(N'nm1804848',N'tt0379786')
	,(N'nm1806855',N'tt0379786')
	,(N'nm1809646',N'tt3774114')
	,(N'nm1810416',N'tt0783233')
	,(N'nm1811664',N'tt0317705')
	,(N'nm1812945',N'tt3774114')
	,(N'nm1813829',N'tt2467372')
	,(N'nm1818744',N'tt1396484')
	,(N'nm1819655',N'tt0379786')
	,(N'nm1819956',N'tt0379786')
	,(N'nm1823240',N'tt1396484')
	,(N'nm1824868',N'tt0379786')
	,(N'nm1825742',N'tt0985699')
	,(N'nm1826499',N'tt0317705')
	,(N'nm1828693',N'tt0317705')
	,(N'nm1831779',N'tt0379786')
	,(N'nm1835687',N'tt1396484')
	,(N'nm1842199',N'tt0385002')
	,(N'nm1845934',N'tt0783233')
	,(N'nm1850245',N'tt1396484')
	,(N'nm1858343',N'tt0385002')
	,(N'nm1858419',N'tt0379786')
	,(N'nm1859193',N'tt0379786')
	,(N'nm1863505',N'tt0385002')
	,(N'nm1866413',N'tt3774114')
	,(N'nm1867402',N'tt0317705')
	,(N'nm1869204',N'tt0985699')
	,(N'nm1869473',N'tt0379786')
	,(N'nm1871931',N'tt0379786')
	,(N'nm1875609',N'tt0379786')
	,(N'nm1878080',N'tt0317705')
	,(N'nm1878253',N'tt0783233')
	,(N'nm1880791',N'tt0985699')
	,(N'nm1882832',N'tt0985699')
	,(N'nm1884278',N'tt2467372')
	,(N'nm1889825',N'tt0042332')
	,(N'nm1892271',N'tt0985699')
	,(N'nm1892637',N'tt0985699')
	,(N'nm1893024',N'tt0379786')
	,(N'nm1894526',N'tt0379786')
	,(N'nm1898880',N'tt0317705')
	,(N'nm1902605',N'tt0783233')
	,(N'nm1903768',N'tt0379786')
	,(N'nm1912959',N'tt2467372')
	,(N'nm1913604',N'tt0317705')
	,(N'nm1914398',N'tt0317705')
	,(N'nm1915278',N'tt0985699')
	,(N'nm1923972',N'tt2467372')
	,(N'nm1927879',N'tt2467372')
	,(N'nm1928135',N'tt0379786')
	,(N'nm1929286',N'tt0379786')
	,(N'nm1929684',N'tt0379786')
	,(N'nm1930421',N'tt0985699')
	,(N'nm1930816',N'tt0783233')
	,(N'nm1932113',N'tt0379786')
	,(N'nm1932330',N'tt0385002')
	,(N'nm1932663',N'tt0379786')
	,(N'nm1933249',N'tt1396484')
	,(N'nm1934621',N'tt0379786')
	,(N'nm1936070',N'tt1396484')
	,(N'nm1936622',N'tt0783233')
	,(N'nm1937692',N'tt1396484')
	,(N'nm1941721',N'tt0379786')
	,(N'nm1941964',N'tt0985699')
	,(N'nm1943192',N'tt2467372')
	,(N'nm1947068',N'tt0783233')
	,(N'nm1948950',N'tt3774114')
	,(N'nm1950332',N'tt0783233')
	,(N'nm1953833',N'tt1396484')
	,(N'nm1955072',N'tt0379786')
	,(N'nm1960185',N'tt2467372')
	,(N'nm1962944',N'tt1396484')
	,(N'nm1963137',N'tt1396484')
	,(N'nm1963691',N'tt0385002')
	,(N'nm1964060',N'tt0317705')
	,(N'nm1964407',N'tt0385002')
	,(N'nm1972000',N'tt0985699')
	,(N'nm1973611',N'tt0385002')
	,(N'nm1973823',N'tt1396484')
	,(N'nm1974935',N'tt0317705')
	,(N'nm1976080',N'tt0985699')
	,(N'nm1977376',N'tt0985699')
	,(N'nm1982959',N'tt0985699')
	,(N'nm1986576',N'tt1396484')
	,(N'nm1986609',N'tt0379786')
	,(N'nm1988062',N'tt0379786')
	,(N'nm1990068',N'tt0379786')
	,(N'nm1995366',N'tt2467372')
	,(N'nm1997186',N'tt0985699')
	,(N'nm1998309',N'tt0783233')
	,(N'nm2001787',N'tt0385002')
	,(N'nm2003229',N'tt2467372')
	,(N'nm2006520',N'tt0385002')
	,(N'nm2007544',N'tt0379786')
	,(N'nm2014309',N'tt3774114')
	,(N'nm2014678',N'tt0985699')
	,(N'nm2017647',N'tt0042332')
	,(N'nm2019598',N'tt2467372')
	,(N'nm2021516',N'tt2467372')
	,(N'nm2021843',N'tt2467372')
	,(N'nm2021987',N'tt0317705')
	,(N'nm2026042',N'tt0317705')
	,(N'nm2026850',N'tt0379786')
	,(N'nm2027609',N'tt3774114')
	,(N'nm2031095',N'tt0379786')
	,(N'nm2036889',N'tt0379786')
	,(N'nm2039228',N'tt0783233')
	,(N'nm2040663',N'tt0317705')
	,(N'nm2045353',N'tt0783233')
	,(N'nm2045685',N'tt0379786')
	,(N'nm2046029',N'tt2467372')
	,(N'nm2049191',N'tt0783233')
	,(N'nm2051413',N'tt3774114')
	,(N'nm2051594',N'tt0379786')
	,(N'nm2053128',N'tt0379786')
	,(N'nm2056390',N'tt0985699')
	,(N'nm2058824',N'tt0379786')
	,(N'nm2059634',N'tt0379786')
	,(N'nm2069279',N'tt0783233')
	,(N'nm2069600',N'tt0985699')
	;
	INSERT INTO PersonKnownTitle VALUES
	(N'nm2070273',N'tt0385002')
	,(N'nm2070557',N'tt2467372')
	,(N'nm2072012',N'tt0385002')
	,(N'nm2076413',N'tt0317705')
	,(N'nm2078952',N'tt2467372')
	,(N'nm2078996',N'tt2467372')
	,(N'nm2079907',N'tt0783233')
	,(N'nm2084549',N'tt0985699')
	,(N'nm2085792',N'tt0385002')
	,(N'nm2089398',N'tt0783233')
	,(N'nm2092108',N'tt0027977')
	,(N'nm2093167',N'tt0027977')
	,(N'nm2094206',N'tt2467372')
	,(N'nm2099190',N'tt0379786')
	,(N'nm2100293',N'tt0379786')
	,(N'nm2103762',N'tt2467372')
	,(N'nm2105689',N'tt2467372')
	,(N'nm2106082',N'tt2467372')
	,(N'nm2107051',N'tt0385002')
	,(N'nm2107347',N'tt0385002')
	,(N'nm2107427',N'tt0385002')
	,(N'nm2108420',N'tt0385002')
	,(N'nm2108445',N'tt0385002')
	,(N'nm2109288',N'tt0385002')
	,(N'nm2109698',N'tt0317705')
	,(N'nm2109864',N'tt0385002')
	,(N'nm2110083',N'tt0385002')
	,(N'nm2110956',N'tt2467372')
	,(N'nm2111301',N'tt0385002')
	,(N'nm2112040',N'tt2467372')
	,(N'nm2112293',N'tt0385002')
	,(N'nm2112651',N'tt0385002')
	,(N'nm2113521',N'tt0385002')
	,(N'nm2113602',N'tt0385002')
	,(N'nm2114194',N'tt0385002')
	,(N'nm2116382',N'tt0985699')
	,(N'nm2116874',N'tt1396484')
	,(N'nm2124021',N'tt0379786')
	,(N'nm2125174',N'tt0385002')
	,(N'nm2126830',N'tt0385002')
	,(N'nm2127006',N'tt0385002')
	,(N'nm2127310',N'tt0385002')
	,(N'nm2127548',N'tt0385002')
	,(N'nm2127998',N'tt0385002')
	,(N'nm2128029',N'tt0385002')
	,(N'nm2128407',N'tt0385002')
	,(N'nm2129041',N'tt0385002')
	,(N'nm2129835',N'tt0385002')
	,(N'nm2130442',N'tt0385002')
	,(N'nm2130467',N'tt0385002')
	,(N'nm2130593',N'tt0379786')
	,(N'nm2130743',N'tt0385002')
	,(N'nm2130752',N'tt0379786')
	,(N'nm2131127',N'tt0385002')
	,(N'nm2131152',N'tt0385002')
	,(N'nm2131610',N'tt0385002')
	,(N'nm2131803',N'tt0385002')
	,(N'nm2131901',N'tt0385002')
	,(N'nm2131907',N'tt0385002')
	,(N'nm2132442',N'tt0385002')
	,(N'nm2133048',N'tt0385002')
	,(N'nm2133209',N'tt0385002')
	,(N'nm2133884',N'tt0385002')
	,(N'nm2134118',N'tt0385002')
	,(N'nm2134278',N'tt0385002')
	,(N'nm2134456',N'tt0385002')
	,(N'nm2134743',N'tt0385002')
	,(N'nm2134760',N'tt0385002')
	,(N'nm2135066',N'tt0385002')
	,(N'nm2135155',N'tt0385002')
	,(N'nm2135166',N'tt0385002')
	,(N'nm2135170',N'tt0385002')
	,(N'nm2135288',N'tt0385002')
	,(N'nm2135446',N'tt0385002')
	,(N'nm2135769',N'tt0385002')
	,(N'nm2135800',N'tt0385002')
	,(N'nm2135881',N'tt0385002')
	,(N'nm2135927',N'tt0385002')
	,(N'nm2136326',N'tt0385002')
	,(N'nm2136508',N'tt0385002')
	,(N'nm2136544',N'tt0385002')
	,(N'nm2136586',N'tt0385002')
	,(N'nm2136620',N'tt0385002')
	,(N'nm2136660',N'tt2467372')
	,(N'nm2136724',N'tt0385002')
	,(N'nm2136734',N'tt0385002')
	,(N'nm2136809',N'tt0385002')
	,(N'nm2136850',N'tt0385002')
	,(N'nm2137062',N'tt0385002')
	,(N'nm2137074',N'tt0385002')
	,(N'nm2137202',N'tt0385002')
	,(N'nm2137443',N'tt0385002')
	,(N'nm2137488',N'tt0385002')
	,(N'nm2138781',N'tt0317705')
	,(N'nm2145004',N'tt0379786')
	,(N'nm2145820',N'tt1396484')
	,(N'nm2147565',N'tt0985699')
	,(N'nm2148230',N'tt0317705')
	,(N'nm2148381',N'tt0379786')
	,(N'nm2148475',N'tt0783233')
	,(N'nm2149152',N'tt0317705')
	,(N'nm2149684',N'tt0317705')
	,(N'nm2154058',N'tt0317705')
	,(N'nm2154101',N'tt0317705')
	,(N'nm2154364',N'tt0317705')
	,(N'nm2155813',N'tt0985699')
	,(N'nm2156123',N'tt0317705')
	,(N'nm2156368',N'tt0317705')
	,(N'nm2156579',N'tt0317705')
	,(N'nm2158363',N'tt0317705')
	,(N'nm2158482',N'tt0317705')
	,(N'nm2158728',N'tt0385002')
	,(N'nm2159190',N'tt1396484')
	,(N'nm2160188',N'tt0042332')
	,(N'nm2160353',N'tt0317705')
	,(N'nm2160722',N'tt0317705')
	,(N'nm2164421',N'tt0379786')
	,(N'nm2166291',N'tt3774114')
	,(N'nm2168478',N'tt0042332')
	,(N'nm2169133',N'tt3774114')
	,(N'nm2171452',N'tt0379786')
	,(N'nm2173790',N'tt1396484')
	,(N'nm2176810',N'tt0783233')
	,(N'nm2183760',N'tt0985699')
	,(N'nm2185799',N'tt0985699')
	,(N'nm2186985',N'tt0783233')
	,(N'nm2188457',N'tt0379786')
	,(N'nm2191242',N'tt0783233')
	,(N'nm2192197',N'tt0027977')
	,(N'nm2193264',N'tt0379786')
	,(N'nm2196900',N'tt2467372')
	,(N'nm2197653',N'tt0379786')
	,(N'nm2197905',N'tt0317705')
	,(N'nm2198373',N'tt0027977')
	,(N'nm2198868',N'tt2467372')
	,(N'nm2201619',N'tt0042332')
	,(N'nm2205087',N'tt0042332')
	,(N'nm2207242',N'tt0379786')
	,(N'nm2209946',N'tt0379786')
	,(N'nm2210148',N'tt0042332')
	,(N'nm2212955',N'tt1396484')
	,(N'nm2215087',N'tt0783233')
	,(N'nm2224078',N'tt0379786')
	,(N'nm2226083',N'tt2467372')
	,(N'nm2226567',N'tt2467372')
	,(N'nm2233894',N'tt0385002')
	,(N'nm2236516',N'tt0379786')
	,(N'nm2236807',N'tt0317705')
	,(N'nm2237933',N'tt0379786')
	,(N'nm2239777',N'tt0317705')
	,(N'nm2240202',N'tt3774114')
	,(N'nm2240801',N'tt0379786')
	,(N'nm2240989',N'tt0985699')
	,(N'nm2248812',N'tt0783233')
	,(N'nm2253525',N'tt0379786')
	,(N'nm2254307',N'tt0783233')
	,(N'nm2254712',N'tt0783233')
	,(N'nm2255364',N'tt0783233')
	,(N'nm2256122',N'tt3774114')
	,(N'nm2256855',N'tt0783233')
	,(N'nm2257681',N'tt0783233')
	,(N'nm2258070',N'tt0783233')
	,(N'nm2262140',N'tt3774114')
	,(N'nm2262856',N'tt0985699')
	,(N'nm2264037',N'tt0379786')
	,(N'nm2264237',N'tt2467372')
	,(N'nm2265981',N'tt2467372')
	,(N'nm2270387',N'tt0783233')
	,(N'nm2281283',N'tt0783233')
	,(N'nm2282830',N'tt0985699')
	,(N'nm2284993',N'tt0985699')
	,(N'nm2296930',N'tt0317705')
	,(N'nm2298145',N'tt2467372')
	,(N'nm2298389',N'tt2467372')
	,(N'nm2301228',N'tt0783233')
	,(N'nm2301236',N'tt0783233')
	,(N'nm2301278',N'tt2467372')
	,(N'nm2305391',N'tt0385002')
	,(N'nm2306701',N'tt1396484')
	,(N'nm2314834',N'tt2467372')
	,(N'nm2317888',N'tt0379786')
	,(N'nm2322354',N'tt1396484')
	,(N'nm2323443',N'tt1396484')
	,(N'nm2323641',N'tt0379786')
	,(N'nm2328584',N'tt0783233')
	,(N'nm2328884',N'tt2467372')
	,(N'nm2330182',N'tt0385002')
	,(N'nm2335109',N'tt0783233')
	,(N'nm2342284',N'tt0783233')
	,(N'nm2342363',N'tt0985699')
	,(N'nm2343938',N'tt0985699')
	,(N'nm2346628',N'tt1396484')
	,(N'nm2347201',N'tt2467372')
	,(N'nm2350073',N'tt2467372')
	,(N'nm2355156',N'tt0783233')
	,(N'nm2355986',N'tt0783233')
	,(N'nm2360929',N'tt2467372')
	,(N'nm2361588',N'tt1396484')
	,(N'nm2365214',N'tt1396484')
	,(N'nm2369077',N'tt0317705')
	,(N'nm2373819',N'tt2467372')
	,(N'nm2381927',N'tt1396484')
	,(N'nm2383573',N'tt3774114')
	,(N'nm2383859',N'tt1396484')
	,(N'nm2384243',N'tt0985699')
	,(N'nm2385426',N'tt3774114')
	,(N'nm2388169',N'tt3774114')
	,(N'nm2396634',N'tt0379786')
	,(N'nm2401535',N'tt3774114')
	,(N'nm2406834',N'tt0985699')
	,(N'nm2407516',N'tt3774114')
	,(N'nm2421123',N'tt0985699')
	,(N'nm2427192',N'tt0379786')
	,(N'nm2429805',N'tt0783233')
	,(N'nm2433274',N'tt0783233')
	,(N'nm2433798',N'tt0379786')
	,(N'nm2443692',N'tt0317705')
	,(N'nm2444950',N'tt0783233')
	,(N'nm2450303',N'tt0783233')
	,(N'nm2450754',N'tt0317705')
	,(N'nm2451983',N'tt0317705')
	,(N'nm2453472',N'tt0317705')
	,(N'nm2454133',N'tt0317705')
	,(N'nm2454185',N'tt0317705')
	,(N'nm2454761',N'tt0317705')
	,(N'nm2455411',N'tt0783233')
	,(N'nm2455416',N'tt0317705')
	,(N'nm2458047',N'tt0317705')
	,(N'nm2471372',N'tt3774114')
	,(N'nm2472910',N'tt0985699')
	,(N'nm2473918',N'tt0042332')
	,(N'nm2473949',N'tt0042332')
	,(N'nm2474167',N'tt0317705')
	,(N'nm2476029',N'tt2467372')
	,(N'nm2477891',N'tt1396484')
	,(N'nm2480713',N'tt0317705')
	,(N'nm2482289',N'tt0985699')
	,(N'nm2493194',N'tt0985699')
	,(N'nm2493352',N'tt0783233')
	,(N'nm2497106',N'tt2467372')
	,(N'nm2499525',N'tt0042332')
	,(N'nm2499621',N'tt0042332')
	,(N'nm2501256',N'tt0379786')
	,(N'nm2501294',N'tt0317705')
	,(N'nm2503479',N'tt2467372')
	,(N'nm2513056',N'tt0985699')
	,(N'nm2516338',N'tt0317705')
	,(N'nm2517160',N'tt0985699')
	,(N'nm2522107',N'tt0379786')
	,(N'nm2531330',N'tt0985699')
	,(N'nm2532078',N'tt0385002')
	,(N'nm2535672',N'tt0985699')
	,(N'nm2541630',N'tt0985699')
	,(N'nm2550741',N'tt3774114')
	,(N'nm2556550',N'tt0985699')
	,(N'nm2568122',N'tt0385002')
	,(N'nm2576662',N'tt0783233')
	,(N'nm2578906',N'tt0385002')
	,(N'nm2579496',N'tt2467372')
	,(N'nm2580086',N'tt0385002')
	,(N'nm2592624',N'tt3774114')
	,(N'nm2597980',N'tt2467372')
	,(N'nm2598382',N'tt2467372')
	,(N'nm2598805',N'tt0783233')
	,(N'nm2602819',N'tt0783233')
	,(N'nm2603424',N'tt0783233')
	,(N'nm2607519',N'tt0783233')
	,(N'nm2611419',N'tt3774114')
	,(N'nm2612835',N'tt0985699')
	,(N'nm2618083',N'tt2467372')
	,(N'nm2619132',N'tt2467372')
	,(N'nm2624515',N'tt3774114')
	,(N'nm2625204',N'tt0317705')
	,(N'nm2633081',N'tt3774114')
	,(N'nm2633115',N'tt0783233')
	,(N'nm2634857',N'tt0385002')
	,(N'nm2636898',N'tt0379786')
	,(N'nm2646235',N'tt0317705')
	,(N'nm2646521',N'tt0783233')
	,(N'nm2647117',N'tt0985699')
	,(N'nm2650309',N'tt3774114')
	,(N'nm2654720',N'tt2467372')
	,(N'nm2655429',N'tt0985699')
	,(N'nm2658485',N'tt0783233')
	,(N'nm2660424',N'tt2467372')
	,(N'nm2666366',N'tt0317705')
	,(N'nm2671872',N'tt0379786')
	,(N'nm2675338',N'tt0385002')
	,(N'nm2679782',N'tt1396484')
	,(N'nm2680533',N'tt3774114')
	,(N'nm2682343',N'tt1396484')
	,(N'nm2691630',N'tt2467372')
	,(N'nm2692354',N'tt2467372')
	,(N'nm2692520',N'tt1396484')
	,(N'nm2699701',N'tt0985699')
	,(N'nm2701009',N'tt0985699')
	,(N'nm2701788',N'tt0317705')
	,(N'nm2709145',N'tt0783233')
	,(N'nm2713776',N'tt2467372')
	,(N'nm2718469',N'tt0379786')
	,(N'nm2726777',N'tt0985699')
	,(N'nm2727939',N'tt0783233')
	,(N'nm2731414',N'tt0783233')
	,(N'nm2732434',N'tt2467372')
	,(N'nm2732675',N'tt0783233')
	,(N'nm2733019',N'tt0783233')
	,(N'nm2735836',N'tt0985699')
	,(N'nm2743784',N'tt1396484')
	,(N'nm2758485',N'tt0783233')
	,(N'nm2763100',N'tt0783233')
	,(N'nm2780350',N'tt0783233')
	,(N'nm2783007',N'tt2467372')
	,(N'nm2793073',N'tt1396484')
	,(N'nm2795672',N'tt0783233')
	,(N'nm2795766',N'tt0985699')
	,(N'nm2797555',N'tt0985699')
	,(N'nm2804406',N'tt3774114')
	,(N'nm2807942',N'tt3774114')
	,(N'nm2810000',N'tt3774114')
	,(N'nm2812141',N'tt0985699')
	,(N'nm2814459',N'tt0985699')
	,(N'nm2815263',N'tt0985699')
	,(N'nm2818129',N'tt2467372')
	,(N'nm2819664',N'tt1396484')
	,(N'nm2821021',N'tt0985699')
	,(N'nm2828972',N'tt0379786')
	,(N'nm2831284',N'tt0985699')
	,(N'nm2831512',N'tt0985699')
	,(N'nm2833387',N'tt0985699')
	,(N'nm2834234',N'tt2467372')
	,(N'nm2837208',N'tt0985699')
	,(N'nm2837240',N'tt0985699')
	,(N'nm2837444',N'tt0985699')
	,(N'nm2837629',N'tt0985699')
	,(N'nm2837940',N'tt0985699')
	,(N'nm2838153',N'tt0783233')
	,(N'nm2838247',N'tt0985699')
	,(N'nm2841277',N'tt0783233')
	,(N'nm2842001',N'tt0783233')
	,(N'nm2847694',N'tt0985699')
	,(N'nm2849731',N'tt0985699')
	,(N'nm2851524',N'tt0783233')
	,(N'nm2851610',N'tt0783233')
	,(N'nm2851620',N'tt0783233')
	,(N'nm2851789',N'tt0783233')
	,(N'nm2851834',N'tt0783233')
	,(N'nm2852004',N'tt0783233')
	,(N'nm2852006',N'tt0783233')
	,(N'nm2852019',N'tt0783233')
	,(N'nm2852033',N'tt0783233')
	,(N'nm2852064',N'tt0783233')
	,(N'nm2852111',N'tt0783233')
	,(N'nm2852127',N'tt0783233')
	,(N'nm2852200',N'tt0783233')
	,(N'nm2854301',N'tt3774114')
	,(N'nm2854550',N'tt0783233')
	,(N'nm2854564',N'tt0783233')
	,(N'nm2855600',N'tt0985699')
	,(N'nm2855847',N'tt0985699')
	,(N'nm2856264',N'tt0985699')
	,(N'nm2860370',N'tt0379786')
	,(N'nm2865194',N'tt0385002')
	,(N'nm2869815',N'tt3774114')
	,(N'nm2871946',N'tt0379786')
	,(N'nm2873646',N'tt0783233')
	,(N'nm2882090',N'tt0783233')
	,(N'nm2887852',N'tt3774114')
	,(N'nm2892670',N'tt1396484')
	,(N'nm2895440',N'tt1396484')
	,(N'nm2895959',N'tt1396484')
	,(N'nm2899965',N'tt3774114')
	,(N'nm2904762',N'tt0985699')
	,(N'nm2906832',N'tt0783233')
	,(N'nm2908839',N'tt3774114')
	,(N'nm2909425',N'tt2467372')
	,(N'nm2911281',N'tt3774114')
	,(N'nm2912510',N'tt0783233')
	,(N'nm2917469',N'tt3774114')
	,(N'nm2923455',N'tt1396484')
	,(N'nm2932661',N'tt0985699')
	,(N'nm2933332',N'tt0783233')
	,(N'nm2934437',N'tt0783233')
	,(N'nm2934790',N'tt0783233')
	,(N'nm2937096',N'tt0317705')
	,(N'nm2937345',N'tt0317705')
	,(N'nm2937435',N'tt0317705')
	,(N'nm2938159',N'tt0317705')
	,(N'nm2943420',N'tt0042332')
	,(N'nm2944389',N'tt0042332')
	,(N'nm2944560',N'tt0042332')
	,(N'nm2944567',N'tt0042332')
	,(N'nm2944759',N'tt0042332')
	,(N'nm2944863',N'tt0042332')
	,(N'nm2947640',N'tt0783233')
	,(N'nm2948277',N'tt0783233')
	,(N'nm2958441',N'tt0985699')
	,(N'nm2959183',N'tt0042332')
	,(N'nm2969089',N'tt0783233')
	,(N'nm2975183',N'tt0783233')
	,(N'nm2982105',N'tt0783233')
	,(N'nm2982248',N'tt0783233')
	,(N'nm2982426',N'tt0783233')
	,(N'nm2982604',N'tt0783233')
	,(N'nm2983787',N'tt0783233')
	,(N'nm2991679',N'tt0783233')
	,(N'nm2991765',N'tt0783233')
	,(N'nm2991968',N'tt0783233')
	,(N'nm2992012',N'tt0783233')
	,(N'nm2992748',N'tt0783233')
	,(N'nm2992941',N'tt0783233')
	,(N'nm2993377',N'tt2467372')
	,(N'nm2993870',N'tt0985699')
	,(N'nm2995254',N'tt0985699')
	,(N'nm2997964',N'tt0985699')
	,(N'nm3009372',N'tt0985699')
	,(N'nm3009692',N'tt0379786')
	,(N'nm3011028',N'tt3774114')
	,(N'nm3017805',N'tt0985699')
	,(N'nm3018245',N'tt0783233')
	,(N'nm3018440',N'tt0783233')
	,(N'nm3019051',N'tt0985699')
	,(N'nm3019696',N'tt3774114')
	,(N'nm3020110',N'tt0783233')
	,(N'nm3024317',N'tt0783233')
	,(N'nm3026505',N'tt0985699')
	,(N'nm3028566',N'tt0985699')
	,(N'nm3028570',N'tt0317705')
	,(N'nm3033531',N'tt0317705')
	,(N'nm3034202',N'tt0985699')
	,(N'nm3036891',N'tt1396484')
	,(N'nm3039660',N'tt0985699')
	,(N'nm3045044',N'tt0385002')
	,(N'nm3047997',N'tt0027977')
	,(N'nm3052590',N'tt0783233')
	,(N'nm3052795',N'tt0783233')
	,(N'nm3053081',N'tt0783233')
	,(N'nm3060395',N'tt2467372')
	,(N'nm3064903',N'tt1396484')
	,(N'nm3072005',N'tt0783233')
	,(N'nm3072008',N'tt0783233')
	,(N'nm3072027',N'tt0783233')
	,(N'nm3072039',N'tt0783233')
	,(N'nm3072070',N'tt0783233')
	,(N'nm3072080',N'tt0783233')
	,(N'nm3072085',N'tt0783233')
	,(N'nm3072099',N'tt0783233')
	,(N'nm3074590',N'tt1396484')
	,(N'nm3092991',N'tt1396484')
	,(N'nm3101421',N'tt2467372')
	,(N'nm3103652',N'tt0985699')
	,(N'nm3104963',N'tt3774114')
	,(N'nm3110053',N'tt3774114')
	,(N'nm3112644',N'tt0783233')
	,(N'nm3112652',N'tt0783233')
	,(N'nm3112665',N'tt0783233')
	,(N'nm3112688',N'tt0783233')
	,(N'nm3112717',N'tt0783233')
	,(N'nm3112791',N'tt0783233')
	,(N'nm3112801',N'tt0783233')
	,(N'nm3112862',N'tt0783233')
	,(N'nm3112889',N'tt0783233')
	,(N'nm3112894',N'tt0783233')
	,(N'nm3112896',N'tt0783233')
	,(N'nm3112932',N'tt0783233')
	,(N'nm3112948',N'tt0783233')
	,(N'nm3112964',N'tt0783233')
	,(N'nm3112982',N'tt0783233')
	,(N'nm3113015',N'tt0783233')
	,(N'nm3113026',N'tt0783233')
	,(N'nm3113050',N'tt0783233')
	,(N'nm3113054',N'tt0783233')
	,(N'nm3113062',N'tt0783233')
	,(N'nm3113081',N'tt0783233')
	,(N'nm3113088',N'tt0783233')
	,(N'nm3113105',N'tt0783233')
	,(N'nm3114548',N'tt0379786')
	,(N'nm3115493',N'tt3774114')
	,(N'nm3116149',N'tt0317705')
	,(N'nm3121764',N'tt0379786')
	,(N'nm3130968',N'tt0385002')
	,(N'nm3134852',N'tt2467372')
	,(N'nm3139141',N'tt0379786')
	,(N'nm3139560',N'tt0985699')
	,(N'nm3149162',N'tt2467372')
	,(N'nm3169982',N'tt0985699')
	,(N'nm3176188',N'tt2467372')
	,(N'nm3181894',N'tt0985699')
	,(N'nm3185834',N'tt0985699')
	,(N'nm3194501',N'tt2467372')
	,(N'nm3198430',N'tt0985699')
	,(N'nm3198435',N'tt0985699')
	,(N'nm3198439',N'tt0985699')
	,(N'nm3198441',N'tt0985699')
	,(N'nm3204463',N'tt0985699')
	,(N'nm3206342',N'tt0379786')
	,(N'nm3206735',N'tt0985699')
	,(N'nm3215133',N'tt0985699')
	,(N'nm3229834',N'tt1396484')
	,(N'nm3247929',N'tt2467372')
	,(N'nm3262834',N'tt3774114')
	,(N'nm3265847',N'tt2467372')
	,(N'nm3266202',N'tt2467372')
	,(N'nm3266685',N'tt2467372')
	,(N'nm3269059',N'tt0985699')
	,(N'nm3271576',N'tt0985699')
	,(N'nm3273693',N'tt0985699')
	,(N'nm3276397',N'tt0985699')
	,(N'nm3283143',N'tt3774114')
	,(N'nm3299018',N'tt0379786')
	,(N'nm3299961',N'tt2467372')
	,(N'nm3304760',N'tt3774114')
	,(N'nm3306501',N'tt0783233')
	,(N'nm3313672',N'tt0317705')
	,(N'nm3319483',N'tt1396484')
	,(N'nm3325341',N'tt3774114')
	,(N'nm3327593',N'tt2467372')
	,(N'nm3328817',N'tt0379786')
	,(N'nm3331061',N'tt0379786')
	,(N'nm3345055',N'tt3774114')
	,(N'nm3353223',N'tt1396484')
	,(N'nm3363049',N'tt0985699')
	,(N'nm3363635',N'tt0385002')
	,(N'nm3379735',N'tt2467372')
	,(N'nm3385374',N'tt1396484')
	,(N'nm3399183',N'tt2467372')
	,(N'nm3421825',N'tt3774114')
	,(N'nm3427812',N'tt3774114')
	,(N'nm3430155',N'tt3774114')
	,(N'nm3443891',N'tt0379786')
	,(N'nm3448369',N'tt0985699')
	,(N'nm3452745',N'tt2467372')
	,(N'nm3453330',N'tt3774114')
	,(N'nm3455919',N'tt2467372')
	,(N'nm3456772',N'tt3774114')
	,(N'nm3458250',N'tt0042332')
	,(N'nm3458607',N'tt0042332')
	,(N'nm3459149',N'tt0042332')
	,(N'nm3479328',N'tt0042332')
	,(N'nm3487913',N'tt0379786')
	,(N'nm3491979',N'tt0985699')
	,(N'nm3492204',N'tt0379786')
	,(N'nm3492803',N'tt0985699')
	,(N'nm3493145',N'tt0985699')
	,(N'nm3493413',N'tt0985699')
	,(N'nm3493659',N'tt0985699')
	,(N'nm3494126',N'tt0985699')
	,(N'nm3494244',N'tt0985699')
	,(N'nm3500035',N'tt3774114')
	,(N'nm3506552',N'tt0985699')
	,(N'nm3506773',N'tt2467372')
	,(N'nm3511001',N'tt0783233')
	,(N'nm3512605',N'tt1396484')
	,(N'nm3514886',N'tt0783233')
	,(N'nm3515142',N'tt0985699')
	,(N'nm3515330',N'tt0985699')
	,(N'nm3515418',N'tt0985699')
	,(N'nm3515479',N'tt0985699')
	,(N'nm3515647',N'tt0985699')
	,(N'nm3515758',N'tt0985699')
	,(N'nm3516838',N'tt0985699')
	,(N'nm3516963',N'tt0985699')
	,(N'nm3516974',N'tt0985699')
	,(N'nm3517182',N'tt0985699')
	,(N'nm3517191',N'tt0985699')
	,(N'nm3517311',N'tt0985699')
	,(N'nm3517412',N'tt0985699')
	,(N'nm3517433',N'tt0985699')
	,(N'nm3517572',N'tt3774114')
	,(N'nm3517822',N'tt0985699')
	,(N'nm3517888',N'tt0985699')
	,(N'nm3517903',N'tt0985699')
	,(N'nm3517934',N'tt0985699')
	,(N'nm3517940',N'tt0985699')
	,(N'nm3518021',N'tt0985699')
	,(N'nm3518031',N'tt0985699')
	,(N'nm3518059',N'tt0985699')
	,(N'nm3518236',N'tt0985699')
	,(N'nm3518296',N'tt0985699')
	,(N'nm3518479',N'tt0985699')
	,(N'nm3518506',N'tt0985699')
	,(N'nm3518733',N'tt0985699')
	,(N'nm3518764',N'tt0985699')
	,(N'nm3518803',N'tt0985699')
	,(N'nm3518843',N'tt0985699')
	,(N'nm3518897',N'tt0985699')
	,(N'nm3519010',N'tt0985699')
	,(N'nm3519013',N'tt0985699')
	,(N'nm3519105',N'tt0985699')
	,(N'nm3519372',N'tt0985699')
	,(N'nm3519892',N'tt2467372')
	,(N'nm3525123',N'tt0379786')
	,(N'nm3525163',N'tt0379786')
	,(N'nm3525209',N'tt0379786')
	,(N'nm3539788',N'tt0379786')
	,(N'nm3539846',N'tt0379786')
	,(N'nm3540100',N'tt0379786')
	,(N'nm3540565',N'tt0379786')
	,(N'nm3540626',N'tt0379786')
	,(N'nm3540750',N'tt0379786')
	,(N'nm3541332',N'tt0379786')
	,(N'nm3545045',N'tt3774114')
	,(N'nm3565460',N'tt2467372')
	,(N'nm3574529',N'tt0385002')
	,(N'nm3586527',N'tt3774114')
	,(N'nm3588735',N'tt3774114')
	,(N'nm3594340',N'tt2467372')
	,(N'nm3597092',N'tt3774114')
	,(N'nm3604267',N'tt1396484')
	,(N'nm3607712',N'tt0317705')
	,(N'nm3617468',N'tt2467372')
	,(N'nm3620900',N'tt3774114')
	,(N'nm3635442',N'tt2467372')
	,(N'nm3642659',N'tt3774114')
	,(N'nm3673726',N'tt3774114')
	,(N'nm3679403',N'tt1396484')
	,(N'nm3695624',N'tt2467372')
	,(N'nm3697048',N'tt2467372')
	,(N'nm3715867',N'tt2467372')
	,(N'nm3733704',N'tt2467372')
	,(N'nm3756602',N'tt1396484')
	,(N'nm3766346',N'tt3774114')
	,(N'nm3814012',N'tt0985699')
	,(N'nm3823519',N'tt1396484')
	,(N'nm3827779',N'tt0385002')
	,(N'nm3832078',N'tt0317705')
	,(N'nm3848496',N'tt1396484')
	,(N'nm3849506',N'tt0379786')
	,(N'nm3858739',N'tt2467372')
	,(N'nm3860628',N'tt2467372')
	,(N'nm3867385',N'tt2467372')
	,(N'nm3875014',N'tt1396484')
	,(N'nm3877865',N'tt1396484')
	,(N'nm3884441',N'tt3774114')
	,(N'nm3907588',N'tt0385002')
	,(N'nm3912766',N'tt1396484')
	,(N'nm3929642',N'tt1396484')
	,(N'nm3930637',N'tt0985699')
	,(N'nm3933489',N'tt3774114')
	,(N'nm3955102',N'tt1396484')
	,(N'nm3956072',N'tt1396484')
	,(N'nm3957337',N'tt1396484')
	,(N'nm3962455',N'tt3774114')
	,(N'nm3966530',N'tt0385002')
	,(N'nm3985644',N'tt1396484')
	,(N'nm3994038',N'tt0985699')
	,(N'nm3995185',N'tt2467372')
	,(N'nm3996165',N'tt1396484')
	,(N'nm3998149',N'tt0985699')
	,(N'nm4006394',N'tt0379786')
	,(N'nm4007403',N'tt3774114')
	,(N'nm4008240',N'tt1396484')
	,(N'nm4011727',N'tt2467372')
	,(N'nm4017383',N'tt2467372')
	,(N'nm4020655',N'tt1396484')
	,(N'nm4041749',N'tt0985699')
	,(N'nm4046970',N'tt2467372')
	,(N'nm4051730',N'tt0985699')
	,(N'nm4076692',N'tt0379786')
	,(N'nm4082203',N'tt0985699')
	,(N'nm4096635',N'tt2467372')
	,(N'nm4108073',N'tt2467372')
	,(N'nm4115040',N'tt3774114')
	,(N'nm4123969',N'tt2467372')
	,(N'nm4130226',N'tt0379786')
	,(N'nm4140177',N'tt3774114')
	,(N'nm4140925',N'tt1396484')
	,(N'nm4174920',N'tt3774114')
	,(N'nm4178310',N'tt1396484')
	,(N'nm4181314',N'tt1396484')
	,(N'nm4184254',N'tt1396484')
	,(N'nm4240386',N'tt2467372')
	,(N'nm4245732',N'tt3774114')
	,(N'nm4249230',N'tt0985699')
	,(N'nm4263267',N'tt3774114')
	,(N'nm4270549',N'tt2467372')
	,(N'nm4289702',N'tt2467372')
	,(N'nm4290407',N'tt3774114')
	,(N'nm4315224',N'tt2467372')
	,(N'nm4320945',N'tt2467372')
	,(N'nm4334299',N'tt3774114')
	,(N'nm4341959',N'tt2467372')
	,(N'nm4343479',N'tt1396484')
	,(N'nm4348493',N'tt1396484')
	,(N'nm4354255',N'tt0385002')
	,(N'nm4357276',N'tt1396484')
	,(N'nm4363832',N'tt3774114')
	,(N'nm4366709',N'tt3774114')
	,(N'nm4370027',N'tt1396484')
	,(N'nm4372137',N'tt2467372')
	,(N'nm4378285',N'tt1396484')
	,(N'nm4382389',N'tt1396484')
	,(N'nm4386896',N'tt1396484')
	,(N'nm4409659',N'tt1396484')
	,(N'nm4440942',N'tt1396484')
	,(N'nm4460471',N'tt2467372')
	,(N'nm4461296',N'tt3774114')
	,(N'nm4470531',N'tt1396484')
	,(N'nm4476983',N'tt2467372')
	,(N'nm4490154',N'tt3774114')
	,(N'nm4493306',N'tt2467372')
	,(N'nm4498662',N'tt3774114')
	,(N'nm4506913',N'tt3774114')
	,(N'nm4518460',N'tt2467372')
	,(N'nm4518848',N'tt3774114')
	,(N'nm4523787',N'tt2467372')
	,(N'nm4532070',N'tt2467372')
	,(N'nm4549252',N'tt3774114')
	,(N'nm4564387',N'tt3774114')
	,(N'nm4587068',N'tt2467372')
	,(N'nm4594795',N'tt1396484')
	,(N'nm4597050',N'tt1396484')
	,(N'nm4600932',N'tt1396484')
	,(N'nm4623930',N'tt1396484')
	,(N'nm4637425',N'tt2467372')
	,(N'nm4643034',N'tt0317705')
	,(N'nm4649228',N'tt3774114')
	,(N'nm4670913',N'tt3774114')
	,(N'nm4677256',N'tt0985699')
	,(N'nm4681774',N'tt3774114')
	,(N'nm4685624',N'tt3774114')
	,(N'nm4719471',N'tt1396484')
	,(N'nm4729668',N'tt1396484')
	,(N'nm4729740',N'tt0317705')
	,(N'nm4738881',N'tt0317705')
	,(N'nm4745683',N'tt2467372')
	,(N'nm4745732',N'tt3774114')
	,(N'nm4762558',N'tt2467372')
	,(N'nm4784978',N'tt1396484')
	,(N'nm4816469',N'tt3774114')
	,(N'nm4824572',N'tt0985699')
	,(N'nm4883292',N'tt2467372')
	,(N'nm4889376',N'tt0385002')
	,(N'nm4893387',N'tt1396484')
	,(N'nm4898953',N'tt0385002')
	,(N'nm4924766',N'tt3774114')
	,(N'nm4943686',N'tt3774114')
	,(N'nm4954385',N'tt2467372')
	,(N'nm4957561',N'tt0385002')
	,(N'nm4961749',N'tt2467372')
	,(N'nm4973098',N'tt2467372')
	,(N'nm4978027',N'tt3774114')
	,(N'nm4978849',N'tt2467372')
	,(N'nm4990022',N'tt3774114')
	,(N'nm4992546',N'tt2467372')
	,(N'nm5010601',N'tt2467372')
	,(N'nm5028103',N'tt0379786')
	,(N'nm5033751',N'tt2467372')
	,(N'nm5039571',N'tt2467372')
	,(N'nm5045296',N'tt1396484')
	,(N'nm5046888',N'tt2467372')
	,(N'nm5083564',N'tt2467372')
	,(N'nm5089979',N'tt3774114')
	,(N'nm5096229',N'tt0317705')
	,(N'nm5118113',N'tt1396484')
	,(N'nm5122373',N'tt0385002')
	,(N'nm5122386',N'tt0385002')
	,(N'nm5122394',N'tt0385002')
	,(N'nm5122396',N'tt0385002')
	,(N'nm5122412',N'tt0385002')
	,(N'nm5122414',N'tt0385002')
	,(N'nm5122423',N'tt0385002')
	,(N'nm5122435',N'tt0385002')
	,(N'nm5122438',N'tt0385002')
	,(N'nm5122442',N'tt0385002')
	,(N'nm5122466',N'tt0385002')
	,(N'nm5122469',N'tt0385002')
	,(N'nm5122481',N'tt0385002')
	,(N'nm5122487',N'tt0385002')
	,(N'nm5122504',N'tt0385002')
	,(N'nm5122506',N'tt0385002')
	,(N'nm5122513',N'tt0385002')
	,(N'nm5122528',N'tt0385002')
	,(N'nm5122554',N'tt0385002')
	,(N'nm5132220',N'tt0042332')
	,(N'nm5135409',N'tt3774114')
	,(N'nm5144149',N'tt1396484')
	,(N'nm5155717',N'tt1396484')
	,(N'nm5164068',N'tt1396484')
	,(N'nm5179445',N'tt0379786')
	,(N'nm5189387',N'tt2467372')
	,(N'nm5191283',N'tt2467372')
	,(N'nm5200476',N'tt1396484')
	,(N'nm5212440',N'tt2467372')
	,(N'nm5215639',N'tt2467372')
	,(N'nm5235347',N'tt3774114')
	,(N'nm5262578',N'tt3774114')
	,(N'nm5282709',N'tt2467372')
	,(N'nm5287221',N'tt1396484')
	,(N'nm5292977',N'tt1396484')
	,(N'nm5314287',N'tt2467372')
	,(N'nm5316363',N'tt1396484')
	,(N'nm5333514',N'tt3774114')
	,(N'nm5353519',N'tt1396484')
	,(N'nm5355828',N'tt1396484')
	,(N'nm5367806',N'tt1396484')
	,(N'nm5369261',N'tt2467372')
	,(N'nm5385741',N'tt1396484')
	,(N'nm5405542',N'tt0783233')
	,(N'nm5412555',N'tt2467372')
	,(N'nm5441393',N'tt1396484')
	,(N'nm5441877',N'tt0985699')
	,(N'nm5460930',N'tt2467372')
	,(N'nm5462797',N'tt3774114')
	,(N'nm5463463',N'tt3774114')
	,(N'nm5467482',N'tt3774114')
	,(N'nm5476694',N'tt3774114')
	,(N'nm5476914',N'tt3774114')
	,(N'nm5477778',N'tt3774114')
	,(N'nm5477890',N'tt3774114')
	,(N'nm5505486',N'tt2467372')
	,(N'nm5519776',N'tt0379786')
	,(N'nm5520932',N'tt2467372')
	,(N'nm5532457',N'tt0379786')
	,(N'nm5536118',N'tt2467372')
	,(N'nm5564735',N'tt3774114')
	,(N'nm5581098',N'tt0985699')
	,(N'nm5582294',N'tt1396484')
	,(N'nm5585100',N'tt0985699')
	,(N'nm5609063',N'tt2467372')
	,(N'nm5627680',N'tt3774114')
	,(N'nm5640595',N'tt1396484')
	,(N'nm5661197',N'tt1396484')
	,(N'nm5680310',N'tt2467372')
	,(N'nm5697046',N'tt3774114')
	,(N'nm5703107',N'tt2467372')
	,(N'nm5710047',N'tt3774114')
	,(N'nm5722984',N'tt3774114')
	,(N'nm5744878',N'tt2467372')
	,(N'nm5747624',N'tt3774114')
	,(N'nm5797470',N'tt2467372')
	,(N'nm5850267',N'tt0385002')
	,(N'nm5865272',N'tt3774114')
	,(N'nm5870974',N'tt3774114')
	,(N'nm5894887',N'tt1396484')
	,(N'nm5897057',N'tt1396484')
	,(N'nm5904908',N'tt3774114')
	,(N'nm5928831',N'tt2467372')
	,(N'nm5949090',N'tt3774114')
	,(N'nm5975301',N'tt3774114')
	,(N'nm5983449',N'tt2467372')
	,(N'nm5987521',N'tt2467372')
	,(N'nm5987522',N'tt2467372')
	,(N'nm5995592',N'tt3774114')
	,(N'nm5998064',N'tt1396484')
	,(N'nm6016511',N'tt1396484')
	,(N'nm6032530',N'tt2467372')
	,(N'nm6038910',N'tt0317705')
	,(N'nm6062411',N'tt3774114')
	,(N'nm6077795',N'tt3774114')
	,(N'nm6096118',N'tt1396484')
	,(N'nm6108029',N'tt3774114')
	,(N'nm6119704',N'tt0385002')
	,(N'nm6143599',N'tt3774114')
	,(N'nm6145542',N'tt3774114')
	,(N'nm6154950',N'tt0985699')
	,(N'nm6166726',N'tt2467372')
	,(N'nm6189536',N'tt0985699')
	,(N'nm6221817',N'tt0985699')
	,(N'nm6236978',N'tt2467372')
	,(N'nm6244013',N'tt1396484')
	,(N'nm6264964',N'tt2467372')
	,(N'nm6270805',N'tt0385002')
	,(N'nm6299425',N'tt3774114')
	,(N'nm6301692',N'tt3774114')
	,(N'nm6321581',N'tt2467372')
	,(N'nm6337345',N'tt0985699')
	,(N'nm6348082',N'tt3774114')
	,(N'nm6369283',N'tt2467372')
	,(N'nm6386392',N'tt2467372')
	,(N'nm6407255',N'tt3774114')
	,(N'nm6413287',N'tt3774114')
	,(N'nm6431970',N'tt3774114')
	,(N'nm6441450',N'tt2467372')
	,(N'nm6454158',N'tt0783233')
	,(N'nm6476896',N'tt2467372')
	,(N'nm6530407',N'tt1396484')
	,(N'nm6545105',N'tt3774114')
	,(N'nm6546908',N'tt2467372')
	,(N'nm6577020',N'tt3774114')
	,(N'nm6673968',N'tt2467372')
	,(N'nm6678208',N'tt1396484')
	,(N'nm6752472',N'tt1396484')
	,(N'nm6848634',N'tt1396484')
	,(N'nm6913941',N'tt1396484')
	,(N'nm6918099',N'tt3774114')
	,(N'nm6918100',N'tt3774114')
	,(N'nm6926977',N'tt3774114')
	,(N'nm6930872',N'tt3774114')
	,(N'nm6967498',N'tt3774114')
	,(N'nm7131729',N'tt2467372')
	,(N'nm7156852',N'tt1396484')
	,(N'nm7161505',N'tt1396484')
	,(N'nm7172326',N'tt3774114')
	,(N'nm7173906',N'tt1396484')
	,(N'nm7205043',N'tt3774114')
	,(N'nm7205514',N'tt3774114')
	,(N'nm7214377',N'tt2467372')
	,(N'nm7217514',N'tt3774114')
	,(N'nm7220372',N'tt3774114')
	,(N'nm7229273',N'tt1396484')
	,(N'nm7261115',N'tt3774114')
	,(N'nm7271636',N'tt1396484')
	,(N'nm7288373',N'tt2467372')
	,(N'nm7314362',N'tt3774114')
	,(N'nm7325583',N'tt3774114')
	,(N'nm7328531',N'tt3774114')
	,(N'nm7333882',N'tt1396484')
	,(N'nm7334282',N'tt3774114')
	,(N'nm7353724',N'tt0783233')
	,(N'nm7397445',N'tt2467372')
	,(N'nm7401341',N'tt2467372')
	,(N'nm7411801',N'tt1396484')
	,(N'nm7425589',N'tt2467372')
	,(N'nm7446425',N'tt1396484')
	,(N'nm7448753',N'tt1396484')
	,(N'nm7448754',N'tt1396484')
	,(N'nm7453140',N'tt0985699')
	,(N'nm7483475',N'tt1396484')
	,(N'nm7496654',N'tt1396484')
	,(N'nm7527428',N'tt3774114')
	,(N'nm7540765',N'tt3774114')
	,(N'nm7552219',N'tt3774114')
	,(N'nm7592886',N'tt3774114')
	,(N'nm7620777',N'tt3774114')
	,(N'nm7635386',N'tt1396484')
	,(N'nm7669135',N'tt1396484')
	,(N'nm7673712',N'tt1396484')
	,(N'nm7678632',N'tt3774114')
	,(N'nm7685830',N'tt3774114')
	,(N'nm7690549',N'tt2467372')
	,(N'nm7690550',N'tt2467372')
	,(N'nm7691012',N'tt1396484')
	,(N'nm7695408',N'tt2467372')
	,(N'nm7737552',N'tt2467372')
	,(N'nm7740103',N'tt3774114')
	,(N'nm7743208',N'tt1396484')
	,(N'nm7799754',N'tt1396484')
	,(N'nm7849220',N'tt3774114')
	;
	INSERT INTO PersonKnownTitle VALUES
	(N'nm7890923',N'tt0027977')
	,(N'nm7899270',N'tt3774114')
	,(N'nm7933103',N'tt2467372')
	,(N'nm7972181',N'tt3774114')
	,(N'nm7983209',N'tt3774114')
	,(N'nm7983212',N'tt3774114')
	,(N'nm7983239',N'tt3774114')
	,(N'nm7983242',N'tt3774114')
	,(N'nm7985459',N'tt3774114')
	,(N'nm7986237',N'tt3774114')
	,(N'nm7988873',N'tt3774114')
	,(N'nm8074159',N'tt1396484')
	,(N'nm8074160',N'tt1396484')
	,(N'nm8074163',N'tt1396484')
	,(N'nm8074186',N'tt1396484')
	,(N'nm8098054',N'tt2467372')
	,(N'nm8104152',N'tt1396484')
	,(N'nm8106241',N'tt3774114')
	,(N'nm8106468',N'tt3774114')
	,(N'nm8108576',N'tt1396484')
	,(N'nm8108583',N'tt1396484')
	,(N'nm8131464',N'tt1396484')
	,(N'nm8142702',N'tt3774114')
	,(N'nm8153522',N'tt1396484')
	,(N'nm8153524',N'tt1396484')
	,(N'nm8153526',N'tt1396484')
	,(N'nm8153527',N'tt1396484')
	,(N'nm8153528',N'tt1396484')
	,(N'nm8153530',N'tt1396484')
	,(N'nm8153531',N'tt1396484')
	,(N'nm8153621',N'tt1396484')
	,(N'nm8201098',N'tt1396484')
	,(N'nm8213499',N'tt1396484')
	,(N'nm8213500',N'tt1396484')
	,(N'nm8213501',N'tt1396484')
	,(N'nm8213502',N'tt1396484')
	,(N'nm8213503',N'tt1396484')
	,(N'nm8213504',N'tt1396484')
	,(N'nm8213505',N'tt1396484')
	,(N'nm8213506',N'tt1396484')
	,(N'nm8213507',N'tt1396484')
	,(N'nm8213508',N'tt1396484')
	,(N'nm8213509',N'tt1396484')
	,(N'nm8213511',N'tt1396484')
	,(N'nm8213513',N'tt1396484')
	,(N'nm8213514',N'tt1396484')
	,(N'nm8213516',N'tt1396484')
	,(N'nm8264384',N'tt1396484')
	,(N'nm8287504',N'tt1396484')
	,(N'nm8292351',N'tt1396484')
	,(N'nm8309925',N'tt0783233')
	,(N'nm8357889',N'tt2467372')
	,(N'nm8392598',N'tt1396484')
	,(N'nm8409035',N'tt3774114')
	,(N'nm8419678',N'tt3774114')
	,(N'nm8419679',N'tt3774114')
	,(N'nm8419681',N'tt3774114')
	,(N'nm8435619',N'tt1396484')
	,(N'nm8445256',N'tt3774114')
	,(N'nm8448275',N'tt1396484')
	,(N'nm8456398',N'tt3774114')
	,(N'nm8458909',N'tt1396484')
	,(N'nm8461079',N'tt2467372')
	,(N'nm8501267',N'tt1396484')
	,(N'nm8534382',N'tt3774114')
	,(N'nm8559645',N'tt1396484')
	,(N'nm8575594',N'tt2467372')
	,(N'nm8653661',N'tt1396484')
	,(N'nm8711419',N'tt1396484')
	,(N'nm8766245',N'tt2467372')
	,(N'nm8781834',N'tt2467372')
	,(N'nm8816716',N'tt2467372')
	,(N'nm8832594',N'tt3774114')
	,(N'nm8875930',N'tt1396484')
	,(N'nm8900640',N'tt3774114')
	,(N'nm8900641',N'tt3774114')
	,(N'nm8900642',N'tt3774114')
	,(N'nm8900643',N'tt3774114')
	,(N'nm8900644',N'tt3774114')
	,(N'nm8925505',N'tt0042332')
	,(N'nm8925506',N'tt0042332')
	,(N'nm8925507',N'tt0042332')
	,(N'nm8925508',N'tt0042332')
	,(N'nm8925509',N'tt0042332')
	,(N'nm8925510',N'tt0042332')
	,(N'nm8925511',N'tt0042332')
	,(N'nm8925512',N'tt0042332')
	,(N'nm8925513',N'tt0042332')
	,(N'nm8933686',N'tt1396484')
	,(N'nm8972390',N'tt1396484')
	,(N'nm9009570',N'tt2467372')
	,(N'nm9034179',N'tt3774114')
	,(N'nm9243646',N'tt1396484')
	,(N'nm9243647',N'tt1396484')
	,(N'nm9243648',N'tt1396484')
	,(N'nm9243650',N'tt1396484')
	,(N'nm9257555',N'tt1396484')
	,(N'nm9431706',N'tt2467372')
	,(N'nm9435092',N'tt2467372')
	,(N'nm9504647',N'tt2467372')
	,(N'nm9517696',N'tt1396484')
	,(N'nm9537471',N'tt1396484')
	,(N'nm9551888',N'tt1396484')
	,(N'nm9711453',N'tt1396484')
	,(N'nm9914104',N'tt2467372')
	,(N'nm9977221',N'tt1396484');

	INSERT INTO TitlePerson VALUES
	(N'tt0027977',1,N'nm0000122',1,NULL)
	,(N'tt0985699',1,N'nm0000129',1,NULL)
	,(N'tt0385002',1,N'nm0000704',1,NULL)
	,(N'tt0317705',1,N'nm0005266',1,NULL)
	,(N'tt2467372',1,N'nm0105672',1,NULL)
	,(N'tt0379786',1,N'nm0277213',1,NULL)
	,(N'tt3774114',1,N'nm0330687',1,NULL)
	,(N'tt0783233',1,N'nm0461136',2,NULL)
	,(N'tt1396484',1,N'nm0803889',1,NULL)
	,(N'tt0042332',1,N'nm0940627',2,NULL)
	,(N'tt0317705',2,N'nm0000168',1,NULL)
	,(N'tt0027977',2,N'nm0002104',2,NULL)
	,(N'tt0385002',2,N'nm0402271',1,NULL)
	,(N'tt0042332',2,N'nm0531763',1,NULL)
	,(N'tt0783233',2,N'nm0564215',1,NULL)
	,(N'tt0985699',2,N'nm0631490',1,NULL)
	,(N'tt0379786',2,N'nm0868659',2,NULL)
	,(N'tt3774114',2,N'nm0940362',2,NULL)
	,(N'tt2467372',2,N'nm1676221',1,NULL)
	,(N'tt1396484',2,N'nm5897057',1,NULL)
	,(N'tt0317705',3,N'nm0000456',2,NULL)
	,(N'tt0783233',3,N'nm0000950',2,NULL)
	,(N'tt0385002',3,N'nm0001231',2,NULL)
	,(N'tt0042332',3,N'nm0041598',2,NULL)
	,(N'tt0027977',3,N'nm0074788',1,NULL)
	,(N'tt0379786',3,N'nm0252230',1,NULL)
	,(N'tt0985699',3,N'nm0396924',2,NULL)
	,(N'tt3774114',3,N'nm0502425',2,NULL)
	,(N'tt2467372',3,N'nm3715867',2,NULL)
	,(N'tt1396484',3,N'nm6016511',1,NULL)
	,(N'tt0985699',4,N'nm0000110',1,NULL)
	,(N'tt0317705',4,N'nm0005134',1,NULL)
	,(N'tt2467372',4,N'nm0187719',1,NULL)
	,(N'tt0042332',4,N'nm0271658',2,NULL)
	,(N'tt3774114',4,N'nm0704270',1,NULL)
	,(N'tt0027977',4,N'nm0761866',1,NULL)
	,(N'tt0379786',4,N'nm0876138',1,NULL)
	,(N'tt0385002',4,N'nm0912938',1,NULL)
	,(N'tt0783233',4,N'nm1519680',2,NULL)
	,(N'tt1396484',4,N'nm6096118',2,NULL)
	,(N'tt3774114',5,N'nm0000231',7,NULL)
	,(N'tt0985699',5,N'nm0001741',7,NULL)
	,(N'tt0027977',5,N'nm0005806',5,NULL)
	,(N'tt0317705',5,N'nm0083348',7,NULL)
	,(N'tt2467372',5,N'nm0303073',2,NULL)
	,(N'tt0042332',5,N'nm0314671',7,NULL)
	,(N'tt0385002',5,N'nm0591994',7,NULL)
	,(N'tt1396484',5,N'nm0615592',7,NULL)
	,(N'tt0379786',5,N'nm0923736',7,NULL)
	,(N'tt0783233',5,N'nm0942504',7,NULL)
	,(N'tt0985699',6,N'nm0003160',12,N'written by')
	,(N'tt0027977',6,N'nm0005906',5,NULL)
	,(N'tt0042332',6,N'nm0414144',7,NULL)
	,(N'tt2467372',6,N'nm0516266',1,NULL)
	,(N'tt0783233',6,N'nm0568605',12,N'novel')
	,(N'tt0379786',6,N'nm0578814',9,N'producer')
	,(N'tt0317705',6,N'nm0907869',9,N'producer')
	,(N'tt1396484',6,N'nm1286060',12,N'screenplay by')
	,(N'tt0385002',6,N'nm1471990',12,N'story')
	,(N'tt3774114',6,N'nm1634307',12,N'screenplay by')
	,(N'tt0027977',7,N'nm0174682',1,NULL)
	,(N'tt0317705',7,N'nm0315974',6,NULL)
	,(N'tt0783233',7,N'nm0358960',12,N'screenplay')
	,(N'tt0042332',7,N'nm0527217',7,NULL)
	,(N'tt0379786',7,N'nm0628056',6,NULL)
	,(N'tt0385002',7,N'nm0791285',12,N'screenplay')
	,(N'tt0985699',7,N'nm1267492',12,N'written by')
	,(N'tt1396484',7,N'nm1560977',12,N'screenplay by')
	,(N'tt2467372',7,N'nm2003229',2,NULL)
	,(N'tt3774114',7,N'nm4816469',12,N'book "The Snowden Files"')
	,(N'tt0027977',8,N'nm0003424',1,NULL)
	,(N'tt0379786',8,N'nm0005726',5,N'director of photography')
	,(N'tt0985699',8,N'nm0012155',9,N'producer')
	,(N'tt0783233',8,N'nm0079677',9,N'producer')
	,(N'tt2467372',8,N'nm0088781',1,NULL)
	,(N'tt0385002',8,N'nm0215769',9,N'producer')
	,(N'tt0042332',8,N'nm0674518',12,N'from the original classic by')
	,(N'tt0317705',8,N'nm1285750',5,N'director of photography')
	,(N'tt1396484',8,N'nm2477891',12,N'screenplay by')
	,(N'tt3774114',8,N'nm3427812',12,N'book "The Time of the Octopus"')
	,(N'tt1396484',9,N'nm0000175',12,N'based on the novel by')
	,(N'tt0027977',9,N'nm0090008',1,NULL)
	,(N'tt3774114',9,N'nm0097001',9,N'producer')
	,(N'tt0783233',9,N'nm0271479',9,N'producer')
	,(N'tt0379786',9,N'nm0489809',8,NULL)
	,(N'tt0317705',9,N'nm0510936',5,N'director of photography')
	,(N'tt2467372',9,N'nm0571930',1,NULL)
	,(N'tt0985699',9,N'nm0653211',6,NULL)
	,(N'tt0042332',9,N'nm0670328',12,N'story')
	,(N'tt0385002',9,N'nm0698133',9,N'producer')
	,(N'tt0985699',10,N'nm0005875',5,N'director of photography')
	,(N'tt0379786',10,N'nm0161530',10,NULL)
	,(N'tt0027977',10,N'nm0305087',1,NULL)
	,(N'tt1396484',10,N'nm0334381',9,N'producer')
	,(N'tt3774114',10,N'nm0465740',9,N'producer')
	,(N'tt0317705',10,N'nm0524796',5,N'director of photography')
	,(N'tt0042332',10,N'nm0672093',12,N'story')
	,(N'tt0783233',10,N'nm0916986',9,N'producer')
	,(N'tt0385002',10,N'nm0958415',9,N'producer')
	,(N'tt2467372',10,N'nm5490797',1,NULL);


	INSERT INTO PersonProfession VALUES
	(N'nm0000122',1)
	,(N'nm0000122',34)
	,(N'nm0000122',40)
	,(N'nm0000175',1)
	,(N'nm0000175',26)
	,(N'nm0000175',40)
	,(N'nm0000231',15)
	,(N'nm0000231',26)
	,(N'nm0000231',40)
	,(N'nm0001741',15)
	,(N'nm0001741',26)
	,(N'nm0001741',40)
	,(N'nm0003160',15)
	,(N'nm0003160',26)
	,(N'nm0003160',40)
	,(N'nm0003163',15)
	,(N'nm0003163',24)
	,(N'nm0003163',26)
	,(N'nm0003474',8)
	,(N'nm0003474',15)
	,(N'nm0003474',26)
	,(N'nm0027011',3)
	,(N'nm0027011',4)
	,(N'nm0027011',40)
	,(N'nm0038893',8)
	,(N'nm0038893',15)
	,(N'nm0038893',24)
	,(N'nm0044803',15)
	,(N'nm0044803',24)
	,(N'nm0044803',26)
	,(N'nm0083348',15)
	,(N'nm0083348',24)
	,(N'nm0083348',40)
	,(N'nm0088392',1)
	,(N'nm0088392',15)
	,(N'nm0088392',40)
	,(N'nm0109205',40)
	,(N'nm0192478',2)
	,(N'nm0192478',15)
	,(N'nm0192478',26)
	,(N'nm0257554',15)
	,(N'nm0257554',26)
	,(N'nm0257554',40)
	,(N'nm0258128',1)
	,(N'nm0258128',15)
	,(N'nm0258128',26)
	,(N'nm0267497',15)
	,(N'nm0267497',26)
	,(N'nm0304091',15)
	,(N'nm0304091',26)
	,(N'nm0304091',40)
	,(N'nm0314671',3)
	,(N'nm0314671',4)
	,(N'nm0314671',15)
	,(N'nm0329634',24)
	,(N'nm0329634',26)
	,(N'nm0329634',40)
	,(N'nm0358960',26)
	,(N'nm0358960',34)
	,(N'nm0358960',40)
	,(N'nm0382548',15)
	,(N'nm0382548',26)
	,(N'nm0382548',40)
	,(N'nm0386780',25)
	,(N'nm0386780',26)
	,(N'nm0386780',40)
	,(N'nm0390657',15)
	,(N'nm0390657',16)
	,(N'nm0390657',26)
	,(N'nm0414144',3)
	,(N'nm0414144',12)
	,(N'nm0414144',15)
	,(N'nm0483828',8)
	,(N'nm0483828',11)
	,(N'nm0483828',15)
	,(N'nm0490792',15)
	,(N'nm0490792',26)
	,(N'nm0490792',40)
	,(N'nm0520488',15)
	,(N'nm0520488',26)
	,(N'nm0520488',40)
	,(N'nm0527217',3)
	,(N'nm0527217',15)
	,(N'nm0527217',26)
	,(N'nm0565063',7)
	,(N'nm0565063',15)
	,(N'nm0565063',26)
	,(N'nm0567126',1)
	,(N'nm0567126',26)
	,(N'nm0567126',40)
	,(N'nm0567912',1)
	,(N'nm0567912',15)
	,(N'nm0567912',26)
	,(N'nm0568605',26)
	,(N'nm0568605',34)
	,(N'nm0568605',40)
	,(N'nm0579318',15)
	,(N'nm0579318',24)
	,(N'nm0579318',29)
	,(N'nm0588087',15)
	,(N'nm0588087',26)
	,(N'nm0588087',40)
	,(N'nm0591994',15)
	,(N'nm0591994',26)
	,(N'nm0591994',40)
	,(N'nm0615592',15)
	,(N'nm0615592',26)
	,(N'nm0615592',40)
	,(N'nm0625065',8)
	,(N'nm0625065',11)
	,(N'nm0625065',15)
	,(N'nm0633818',15)
	,(N'nm0633818',21)
	,(N'nm0633818',26)
	,(N'nm0670328',3)
	,(N'nm0670328',4)
	,(N'nm0670328',40)
	,(N'nm0672093',15)
	,(N'nm0672093',34)
	,(N'nm0672093',40)
	,(N'nm0674518',40)
	,(N'nm0710683',15)
	,(N'nm0710683',40)
	,(N'nm0716206',3)
	,(N'nm0716206',40)
	,(N'nm0716926',26)
	,(N'nm0716926',40)
	,(N'nm0717155',15)
	,(N'nm0717155',26)
	,(N'nm0717155',40)
	,(N'nm0727370',4)
	,(N'nm0727370',40)
	,(N'nm0768957',15)
	,(N'nm0768957',16)
	,(N'nm0768957',17)
	,(N'nm0780799',3)
	,(N'nm0780799',34)
	,(N'nm0780799',40)
	,(N'nm0788426',7)
	,(N'nm0788426',15)
	,(N'nm0788426',24)
	,(N'nm0791285',15)
	,(N'nm0791285',26)
	,(N'nm0791285',40)
	,(N'nm0818785',11)
	,(N'nm0818785',15)
	,(N'nm0818785',26)
	,(N'nm0923736',15)
	,(N'nm0923736',26)
	,(N'nm0923736',40)
	,(N'nm0926526',7)
	,(N'nm0926526',15)
	,(N'nm0926526',24)
	,(N'nm0935253',15)
	,(N'nm0935253',26)
	,(N'nm0935253',40)
	,(N'nm0942504',1)
	,(N'nm0942504',15)
	,(N'nm0942504',26)
	,(N'nm0957197',15)
	,(N'nm0957197',24)
	,(N'nm0957197',26)
	,(N'nm0962849',15)
	,(N'nm0962849',26)
	,(N'nm0962849',40)
	,(N'nm1015063',15)
	,(N'nm1015063',24)
	,(N'nm1015063',26)
	,(N'nm1050211',24)
	,(N'nm1050211',26)
	,(N'nm1050211',40)
	,(N'nm1072116',24)
	,(N'nm1072116',26)
	,(N'nm1072116',40)
	,(N'nm1079781',15)
	,(N'nm1079781',26)
	,(N'nm1079781',40)
	,(N'nm1230361',24)
	,(N'nm1230361',26)
	,(N'nm1230361',40)
	,(N'nm1267492',24)
	,(N'nm1267492',26)
	,(N'nm1267492',40)
	,(N'nm1286060',15)
	,(N'nm1286060',26)
	,(N'nm1286060',40)
	,(N'nm1288766',15)
	,(N'nm1288766',26)
	,(N'nm1288766',40)
	,(N'nm1321658',1)
	,(N'nm1321658',26)
	,(N'nm1321658',40)
	,(N'nm1390496',15)
	,(N'nm1390496',26)
	,(N'nm1390496',40)
	,(N'nm1455688',15)
	,(N'nm1455688',26)
	,(N'nm1469191',1)
	,(N'nm1469191',15)
	,(N'nm1469191',26)
	,(N'nm1471990',1)
	,(N'nm1471990',26)
	,(N'nm1471990',40)
	,(N'nm1472469',15)
	,(N'nm1472469',26)
	,(N'nm1472469',40)
	,(N'nm1533705',1)
	,(N'nm1533705',15)
	,(N'nm1533705',40)
	,(N'nm1545970',15)
	,(N'nm1545970',26)
	,(N'nm1545970',40)
	,(N'nm1560977',11)
	,(N'nm1560977',15)
	,(N'nm1560977',26)
	,(N'nm1619542',16)
	,(N'nm1619542',17)
	,(N'nm1619542',26)
	,(N'nm1634307',15)
	,(N'nm1634307',26)
	,(N'nm1634307',40)
	,(N'nm1643805',24)
	,(N'nm1643805',26)
	,(N'nm1643805',40)
	,(N'nm1672246',1)
	,(N'nm1672246',34)
	,(N'nm1672246',40)
	,(N'nm1676223',15)
	,(N'nm1676223',34)
	,(N'nm1676223',40)
	,(N'nm1782254',24)
	,(N'nm1782254',26)
	,(N'nm1782254',40)
	,(N'nm1864771',24)
	,(N'nm1864771',26)
	,(N'nm1864771',40)
	,(N'nm1884278',15)
	,(N'nm1884278',16)
	,(N'nm1884278',17)
	,(N'nm1912959',1)
	,(N'nm1912959',15)
	,(N'nm1912959',16)
	,(N'nm1926903',15)
	,(N'nm1926903',16)
	,(N'nm1926903',40)
	,(N'nm2021516',7)
	,(N'nm2021516',15)
	,(N'nm2021516',26)
	,(N'nm2094206',1)
	,(N'nm2094206',26)
	,(N'nm2094206',40)
	,(N'nm2094436',15)
	,(N'nm2094436',26)
	,(N'nm2094436',40)
	,(N'nm2103762',24)
	,(N'nm2103762',40)
	,(N'nm2226567',24)
	,(N'nm2226567',26)
	,(N'nm2226567',40)
	,(N'nm2265981',1)
	,(N'nm2265981',24)
	,(N'nm2265981',40)
	,(N'nm2314834',24)
	,(N'nm2314834',26)
	,(N'nm2314834',40)
	,(N'nm2477891',15)
	,(N'nm2477891',26)
	,(N'nm2477891',40)
	,(N'nm2503479',1)
	,(N'nm2503479',26)
	,(N'nm2503479',40)
	,(N'nm3194501',2)
	,(N'nm3194501',17)
	,(N'nm3194501',40)
	,(N'nm3265847',10)
	,(N'nm3265847',26)
	,(N'nm3265847',40)
	,(N'nm3427812',1)
	,(N'nm3427812',40)
	,(N'nm3452745',24)
	,(N'nm3452745',26)
	,(N'nm3452745',40)
	,(N'nm3860628',24)
	,(N'nm3860628',26)
	,(N'nm3860628',40)
	,(N'nm4046970',2)
	,(N'nm4046970',26)
	,(N'nm4046970',40)
	,(N'nm4096635',2)
	,(N'nm4096635',24)
	,(N'nm4096635',40)
	,(N'nm4460471',1)
	,(N'nm4460471',26)
	,(N'nm4460471',40)
	,(N'nm4816469',40)
	,(N'nm5039571',24)
	,(N'nm5039571',26)
	,(N'nm5039571',40)
	,(N'nm5046888',2)
	,(N'nm5046888',40)
	,(N'nm5083564',1)
	,(N'nm5083564',26)
	,(N'nm5083564',40)
	,(N'nm5212440',24)
	,(N'nm5212440',40)
	,(N'nm5314287',1)
	,(N'nm5314287',26)
	,(N'nm5314287',40)
	,(N'nm6236978',1)
	,(N'nm6236978',24)
	,(N'nm6236978',40)
	,(N'nm8357889',40);


	INSERT INTO TitleInternational VALUES
	(N'tt0027977',1,N'Tiempos modernos',N'UY',NULL,NULL,0)
	,(N'tt0042332',1,N'Askungen',N'SE',NULL,NULL,0)
	,(N'tt0317705',1,N'Untitled Brad Bird Pixar Project',N'US',NULL,N'working',0)
	,(N'tt0379786',1,N'Serenity',N'GR',NULL,NULL,0)
	,(N'tt0385002',1,N'Hooligans',N'BR',NULL,N'imdbDisplay',0)
	,(N'tt0783233',1,N'Kapara',N'IL',N'he',NULL,0)
	,(N'tt0985699',1,N'Xingdong mubiao Xitele',N'CN',N'cmn',NULL,0)
	,(N'tt1396484',1,N'O',N'TR',N'tr',N'imdbDisplay',0)
	,(N'tt2467372',1,N'Lei e Desordem',N'BR',NULL,N'imdbDisplay',0)
	,(N'tt3774114',1,N'Snowden',N'PT',NULL,N'imdbDisplay',0)
	,(N'tt0027977',2,N'Dzisiejsze czasy',N'PL',NULL,NULL,0)
	,(N'tt0042332',2,N'Popelka',N'CSHH',NULL,N'imdbDisplay',0)
	,(N'tt0317705',2,N'Die Unglaublichen',N'AT',NULL,NULL,0)
	,(N'tt0379786',2,N'Serenity',N'IT',NULL,N'imdbDisplay',0)
	,(N'tt0385002',2,N'╨Ñ╤â╨╗i╨│╨░╨╜╨╕ ╨ù╨╡╨╗╨╡╨╜╨╛i ╨▓╤â╨╗╨╕╤åi',N'UA',NULL,NULL,0)
	,(N'tt0783233',2,N'Expiaci├│n, deseo ypecado',N'UY',NULL,NULL,0)
	,(N'tt0985699',2,N'Valk┼▒r',N'HU',NULL,NULL,0)
	,(N'tt1396484',2,N'It: Part 1 - The Losers'' Club',N'XWW',N'en',N'alternative',0)
	,(N'tt2467372',2,N'Brooklyn Nine-Nine',N'ES',NULL,N'imdbDisplay',0)
	,(N'tt3774114',2,N'Snowden',N'UY',NULL,NULL,0)
	,(N'tt0027977',3,N'Tempos Modernos',N'PT',NULL,NULL,0)
	,(N'tt0042332',3,N'Cenerentola',N'IT',NULL,NULL,0)
	,(N'tt0317705',3,N'Gli Incredibili - Una normale famiglia di supereroi',N'IT',NULL,N'imdbDisplay',0)
	,(N'tt0379786',3,N'Serenity',N'MX',NULL,N'imdbDisplay',0)
	,(N'tt0385002',3,N'╬ƒ╬╣ ╧Ç╬▒╧ü╬»╬╡╧é ╧ä╬╖╧é ╬á╧ü╬¼╧â╬╣╬╜╬╖╧é ╬┐╬┤╬┐╧ì',N'GR',NULL,NULL,0)
	,(N'tt0783233',3,N'Expiaci├│n. M├ís all├í de la pasi├│n',N'ES',NULL,N'imdbDisplay',0)
	,(N'tt0985699',3,N'Operacija Valkira',N'SI',NULL,N'imdbDisplay',0)
	,(N'tt1396484',3,N'It (Eso)',N'CL',NULL,N'imdbDisplay',0)
	,(N'tt2467372',3,N'Brooklyn Nine-Nine',NULL,NULL,N'original',1)
	,(N'tt3774114',3,N'╬ú╬╜╧î╬┐╧à╬╜╧ä╬╡╬╜',N'GR',NULL,NULL,0)
	,(N'tt0027977',4,N'Moderna vremena',N'HR',NULL,N'imdbDisplay',0)
	,(N'tt0042332',4,N'La cenicienta',N'MX',NULL,N'imdbDisplay',0)
	,(N'tt0317705',4,N'Incredibilii',N'RO',NULL,N'imdbDisplay',0)
	,(N'tt0379786',4,N'╨í╨╡╤Ç╨╡╨╜╨╕╤é╨╕',N'BG',N'bg',NULL,0)
	,(N'tt0385002',4,N'Hooligans',N'SK',NULL,NULL,0)
	,(N'tt0783233',4,N'Atonement',NULL,NULL,N'original',1)
	,(N'tt0985699',4,N'Valkyrie',N'CA',N'en',N'imdbDisplay',0)
	,(N'tt1396484',4,N'It - A Coisa: Cap├¡tulo Um',N'BR',NULL,N'alternative',0)
	,(N'tt2467372',4,N'Brooklyn 9-9',N'XWW',NULL,NULL,0)
	,(N'tt3774114',4,N'Snowden',N'CA',N'fr',N'imdbDisplay',0)
	,(N'tt0027977',5,N'Moderne Zeiten',N'AT',NULL,N'imdbDisplay',0)
	,(N'tt0042332',5,N'Cinderela',N'PT',NULL,NULL,0)
	,(N'tt0317705',5,N'The Fantastics',N'US',NULL,N'working',0)
	,(N'tt0379786',5,N'╨£i╤üi╤Å ╨í╨╡╤Ç╨╡╨╜i╤éi',N'UA',NULL,NULL,0)
	,(N'tt0385002',5,N'Hooligans',N'CZ',NULL,NULL,0)
	,(N'tt0783233',5,N'Reviens-moi',N'FR',NULL,NULL,0)
	,(N'tt0985699',5,N'Operacija Valkira',N'HR',NULL,NULL,0)
	,(N'tt1396484',5,N'╬ñ╬┐ ╬▒╧à╧ä╧î',N'GR',NULL,NULL,0)
	,(N'tt2467372',5,N'Brooklyn 99: Nem sz├ízas k├╢rzet',N'HU',NULL,N'imdbDisplay',0)
	,(N'tt3774114',5,N'Snowden: Her├│i ou Traidor',N'BR',NULL,N'imdbDisplay',0)
	,(N'tt0027977',6,N'Les temps modernes',N'FR',NULL,NULL,0)
	,(N'tt0042332',6,N'Pepeljuga',N'XYU',N'hr',N'imdbDisplay',0)
	,(N'tt0317705',6,N'Les indestructibles',N'FR',NULL,NULL,0)
	,(N'tt0379786',6,N'Serenity',N'ES',NULL,N'imdbDisplay',0)
	,(N'tt0385002',6,N'Yesil Sokak Holiganlari',N'TR',N'tr',N'imdbDisplay',0)
	,(N'tt0783233',6,N'Expiaci├│n, deseo y pecado',N'AR',NULL,NULL,0)
	,(N'tt0985699',6,N'Valkirija',N'LT',NULL,N'imdbDisplay',0)
	,(N'tt1396484',6,N'It',N'IT',NULL,N'imdbDisplay',0)
	,(N'tt2467372',6,N'Brooklyn Nine-Nine',N'FR',NULL,N'imdbDisplay',0)
	,(N'tt3774114',6,N'Mat Vu Snowden',N'VN',NULL,N'imdbDisplay',0)
	,(N'tt0027977',7,N'Moderne Zeiten',N'XWG',NULL,NULL,0)
	,(N'tt0042332',7,N'Pepelka',N'SI',NULL,N'imdbDisplay',0)
	,(N'tt0317705',7,N'Los incre├¡bles',N'UY',NULL,NULL,0)
	,(N'tt0379786',7,N'Serenity',NULL,NULL,N'original',1)
	,(N'tt0385002',7,N'Futbolo chuliganai',N'LT',NULL,N'imdbDisplay',0)
	,(N'tt0783233',7,N'Monanieba',N'GE',NULL,NULL,0)
	,(N'tt0985699',7,N'Operation Walk├╝re - Das Stauffenberg-Attentat',N'DE',NULL,NULL,0)
	,(N'tt1396484',7,N'It',N'CA',N'en',N'imdbDisplay',0)
	,(N'tt2467372',7,N'Brooklyn Nine-Nine',N'IT',NULL,N'imdbDisplay',0)
	,(N'tt3774114',7,N'╨í╨╜╨╛╤â╨┤╤è╨╜',N'BG',N'bg',NULL,0)
	,(N'tt0027977',8,N'Moderne tijden',N'BE',N'qbn',NULL,0)
	,(N'tt0042332',8,N'Aschenputtel',N'XWG',NULL,NULL,0)
	,(N'tt0317705',8,N'Inanilmaz aile',N'TR',N'tr',NULL,0)
	,(N'tt0379786',8,N'Firefly: The Movie',N'US',NULL,N'working',0)
	,(N'tt0385002',8,N'Hooligans',N'FI',NULL,NULL,0)
	,(N'tt0783233',8,N'Expiaci├│n, deseo y pecado',N'PE',NULL,N'imdbDisplay',0)
	,(N'tt0985699',8,N'Valqu├¡ria',N'PT',NULL,NULL,0)
	,(N'tt1396484',8,N'It (Eso)',N'AR',NULL,N'imdbDisplay',0)
	,(N'tt2467372',8,N'╨æ╤Ç╤â╨║╨╗╨╕╨╜ 9-9',N'RU',NULL,NULL,0)
	,(N'tt3774114',8,N'Snowden',N'CL',NULL,N'imdbDisplay',0)
	,(N'tt0027977',9,N'╬£╬┐╬╜╧ä╬¡╧ü╬╜╬┐╬╣ ╬║╬▒╬╣╧ü╬┐╬»',N'GR',NULL,NULL,0)
	,(N'tt0042332',9,N'Sanedrela',N'IR',N'fa',N'imdbDisplay',0)
	,(N'tt0317705',9,N'Neverjetni',N'SI',NULL,N'imdbDisplay',0)
	,(N'tt0379786',9,N'Serenity: A Luta Pelo Amanh├ú',N'BR',NULL,N'imdbDisplay',0)
	,(N'tt0385002',9,N'Green Street',N'GB',NULL,NULL,0)
	,(N'tt0783233',9,N'Abbitte',N'DE',NULL,NULL,0)
	,(N'tt0985699',9,N'╨₧╨┐╨╡╤Ç╨░╤åi╤Å ╨Æ╨░╨╗╤î╨║i╤Çi╤Å',N'UA',NULL,NULL,0)
	,(N'tt1396484',9,N'To',N'CZ',NULL,N'imdbDisplay',0)
	,(N'tt2467372',9,N'Brooklyn 9-9',N'PL',NULL,N'imdbDisplay',0)
	,(N'tt3774114',9,N'Snowden',NULL,NULL,N'original',1)
	,(N'tt0027977',10,N'Modern Times',N'JP',N'en',NULL,0)
	,(N'tt0042332',10,N'├ûskubuska',N'IS',NULL,N'imdbDisplay',0)
	,(N'tt0317705',10,N'Els incre├»bles',N'ES',N'ca',NULL,0)
	,(N'tt0379786',10,N'Serenity - A Luta Pelo Amanh├ú',N'BR',NULL,N'dvd',0)
	,(N'tt0385002',10,N'Hooligans',N'DE',NULL,N'imdbDisplay',0)
	,(N'tt0783233',10,N'Okajanje',N'HR',NULL,NULL,0)
	,(N'tt0985699',10,N'Operacija Valkira',N'RS',NULL,NULL,0)
	,(N'tt1396484',10,N'To',N'SK',NULL,NULL,0)
	,(N'tt2467372',10,N'Brooklyn Nine-Nine',N'DE',NULL,N'imdbDisplay',0)
	,(N'tt3774114',10,N'Snowden',N'RO',NULL,N'imdbDisplay',0)
	,(N'tt0027977',11,N'Moderne tider',N'NO',NULL,N'imdbDisplay',0)
	,(N'tt0042332',11,N'╨ƒ╨╡╨┐╨╡╨╗╤Å╤ê╨║╨░',N'BG',N'bg',NULL,0)
	,(N'tt0317705',11,N'Shegeftangizan',N'IR',N'fa',N'imdbDisplay',0)
	,(N'tt0379786',11,N'╨£╨╕╤ü╤ü╨╕╤Å ╨í╨╡╤Ç╨╡╨╜╨╕╤é╨╕',N'RU',NULL,NULL,0)
	,(N'tt0385002',11,N'Hooligans - Stand Your Ground',N'DE',NULL,NULL,0)
	,(N'tt0783233',11,N'Chuoc Toi',N'VN',NULL,N'imdbDisplay',0)
	,(N'tt0985699',11,N'Valk├╜ra',N'SK',NULL,N'imdbDisplay',0)
	,(N'tt1396484',11,N'It',N'PT',NULL,N'imdbDisplay',0)
	,(N'tt2467372',11,N'Brooklyn Nine-Nine',N'US',NULL,NULL,0)
	,(N'tt3774114',11,N'╨í╨╜╨╛╤â╨┤╨╡╨╜',N'UA',NULL,NULL,0)
	,(N'tt0027977',12,N'Modern Times',NULL,NULL,N'original',1)
	,(N'tt0042332',12,N'A Gata Borralheira',N'PT',NULL,N'imdbDisplay',0)
	,(N'tt0317705',12,N'Die Unglaublichen',N'DE',NULL,N'imdbDisplay',0)
	,(N'tt0379786',12,N'Vesoljska ladja Serenity',N'SI',NULL,N'imdbDisplay',0)
	,(N'tt0385002',12,N'Oi paries tis Prasinis Odou',N'GR',NULL,N'dvd',0)
	,(N'tt0783233',12,N'Desejo e Repara├º├úo',N'BR',NULL,NULL,0)
	,(N'tt0985699',12,N'Valk├╜ra',N'CZ',NULL,NULL,0)
	,(N'tt1396484',12,N'Ono',N'HR',NULL,N'imdbDisplay',0)
	,(N'tt2467372',12,N'╨æ╤Ç╤â╨║╨╗╨╕╨╜ ╨ö╨╡╨▓╨╡╤é-╨ö╨╡╨▓╨╡╤é',N'MK',NULL,NULL,0)
	,(N'tt3774114',12,N'Snowden',N'FR',NULL,NULL,0)
	,(N'tt0027977',13,N'Modan Taimusu',N'JP',NULL,N'imdbDisplay',0)
	,(N'tt0042332',13,N'Cinderela - A Gata Borralheira',N'BR',NULL,NULL,0)
	,(N'tt0317705',13,N'Rodinka ├║┼╛asn├╜ch',N'SK',NULL,NULL,0)
	,(N'tt0379786',13,N'Serenity',N'PT',NULL,NULL,0)
	,(N'tt0385002',13,N'Hooligans',NULL,NULL,N'original',1)
	,(N'tt0783233',13,N'Expia├º├úo',N'PT',NULL,NULL,0)
	,(N'tt0985699',13,N'Jakjeonmyeong Balkiri',N'KR',NULL,NULL,0)
	,(N'tt1396484',13,N'Ora┼ƒul b├óntuIT',N'MD',NULL,NULL,0)
	,(N'tt2467372',13,N'Brooklyn 99',N'FI',NULL,N'imdbDisplay',0)
	,(N'tt3774114',13,N'Snowden',N'HU',NULL,N'imdbDisplay',0)
	,(N'tt0027977',14,N'Tempi moderni',N'IT',NULL,NULL,0)
	,(N'tt0042332',14,N'Satu Tuhkimosta',N'FI',NULL,N'alternative',0)
	,(N'tt0317705',14,N'Die Unglaublichen - The Incredibles',N'AT',NULL,NULL,0)
	,(N'tt0379786',14,N'Firefly',N'US',NULL,N'working',0)
	,(N'tt0385002',14,N'Oi hooligans tis Prasinis Odou',N'GR',NULL,NULL,0)
	,(N'tt0783233',14,N'Pokuta',N'PL',NULL,NULL,0)
	,(N'tt0985699',14,N'Waruky├╗re',N'JP',NULL,NULL,0)
	,(N'tt1396484',14,N'╨ó╨╛',N'BG',N'bg',NULL,0)
	,(N'tt2467372',14,N'Brooklyn Nine-Nine',N'PT',NULL,N'imdbDisplay',0)
	,(N'tt3774114',14,N'Snowden',N'ES',NULL,N'imdbDisplay',0)
	,(N'tt0027977',15,N'Tempos Modernos',N'BR',NULL,NULL,0)
	,(N'tt0042332',15,N'Hamupip┼æke',N'HU',NULL,NULL,0)
	,(N'tt0317705',15,N'Fantastik├½t',N'AL',NULL,N'imdbDisplay',0)
	,(N'tt0379786',15,N'Serenity - L''ultime r├⌐bellion',N'FR',NULL,NULL,0)
	,(N'tt0385002',15,N'Hooligans - Defiende a los tuyos',N'AR',NULL,NULL,0)
	,(N'tt0783233',15,N'╬ò╬╛╬╣╬╗╬¡╧ë╧â╬╖',N'GR',NULL,NULL,0)
	,(N'tt0985699',15,N'╨₧╨┐╨╡╤Ç╨░╤å╨╕╤Å ╨Æ╨░╨╗╨║╨╕╤Ç╨╕╤Å',N'BG',N'bg',NULL,0)
	,(N'tt1396484',15,N'Se',N'FI',NULL,N'imdbDisplay',0)
	,(N'tt3774114',15,N'Snowden',N'AR',NULL,N'imdbDisplay',0)
	,(N'tt0027977',16,N'Zmanim Modernim',N'IL',N'he',NULL,0)
	,(N'tt0042332',16,N'Askepott',N'NO',NULL,N'imdbDisplay',0)
	,(N'tt0317705',16,N'Les incroyables',N'CA',N'fr',NULL,0)
	,(N'tt0379786',16,N'Serenity - p├╡genemine uude maailma',N'EE',NULL,NULL,0)
	,(N'tt0385002',16,N'Football Hooligans',N'SG',N'en',NULL,0)
	,(N'tt0783233',16,N'Atonement',N'GB',NULL,NULL,0)
	,(N'tt0985699',16,N'Valkyrie',NULL,NULL,N'original',1)
	,(N'tt1396484',16,N'IT',N'RO',NULL,N'imdbDisplay',0)
	,(N'tt3774114',16,N'Snowden',N'SI',NULL,N'imdbDisplay',0)
	,(N'tt0027977',17,N'Dr. Hauser & Co. Ges.m.b.H.',N'AT',NULL,NULL,0)
	 ,(N'tt0042332',17,N'La cenicienta',N'UY',NULL,NULL,0)
	 ,(N'tt0317705',17,N'Los incre├¡bles',N'AR',NULL,NULL,0)
	 ,(N'tt0379786',17,N'Serenity',N'US',NULL,NULL,0)
	 ,(N'tt0385002',17,N'Obashe Khiabane Green',N'IR',N'fa',N'imdbDisplay',0)
	 ,(N'tt0783233',17,N'Expiaci├│n, deseo y pecado',N'MX',NULL,NULL,0)
	 ,(N'tt0985699',17,N'Operazione Valchiria',N'IT',NULL,NULL,0)
	 ,(N'tt1396484',17,N'It (Eso)',N'UY',NULL,NULL,0)
	 ,(N'tt3774114',17,N'Ha''mera''gel Snowden',N'IL',N'he',N'imdbDisplay',0)
	 ,(N'tt0027977',18,N'Modern id┼æk',N'HU',NULL,NULL,0)
	 ,(N'tt0042332',18,N'Cenicienta',N'VE',NULL,NULL,0)
	 ,(N'tt0317705',18,N'Imelised',N'EE',NULL,NULL,0)
	 ,(N'tt0379786',18,N'Serenity',N'RO',NULL,N'imdbDisplay',0)
	 ,(N'tt0385002',18,N'╨Ñ╤â╨╗╨╕╨│╨░╨╜╤ï',N'RU',NULL,NULL,0)
	 ,(N'tt0783233',18,N'Exileosi',N'GR',NULL,NULL,0)
	 ,(N'tt0985699',18,N'Walkiria',N'PL',NULL,NULL,0)
	 ,(N'tt1396484',18,N'Ze',N'IL',N'he',N'imdbDisplay',0)
	 ,(N'tt3774114',18,N'Snowden',N'CZ',NULL,N'imdbDisplay',0)
	 ,(N'tt0027977',19,N'Moderne Zeiten',N'DE',NULL,N'imdbDisplay',0)
	 ,(N'tt0042332',19,N'Cinderella',N'DE',NULL,NULL,0)
	 ,(N'tt0317705',19,N'Oi apithanoi',N'GR',NULL,NULL,0)
	 ,(N'tt0379786',19,N'Serenity',N'PL',NULL,N'imdbDisplay',0)
	 ,(N'tt0385002',19,N'Hooligans',N'PL',NULL,N'imdbDisplay',0)
	 ,(N'tt0783233',19,N'╨ÿ╨╖╨║╤â╨┐╨╗╨╡╨╜╨╕╨╡',N'BG',N'bg',NULL,0)
	 ,(N'tt0985699',19,N'Valkyrie',N'AU',NULL,N'imdbDisplay',0)
	 ,(N'tt1396484',19,N'Eso',N'MX',NULL,N'imdbDisplay',0)
	 ,(N'tt3774114',19,N'Snowden',N'AZ',NULL,N'imdbDisplay',0)
	 ,(N'tt0027977',20,N'╨£╨╛╨┤╨╡╤Ç╨╜╨╕ ╨▓╤Ç╨╡╨╝╨╡╨╜╨░',N'BG',N'bg',NULL,0)
	 ,(N'tt0042332',20,N'Kopciuszek',N'PL',NULL,NULL,0)
	 ,(N'tt0317705',20,N'╨ñ╨╡╨╜╨╛╨╝╨╡╨╜╨░╨╗╨╜╨╕╤é╨╡',N'BG',N'bg',NULL,0)
	 ,(N'tt0379786',20,N'Serenity',N'AR',NULL,N'video',0)
	 ,(N'tt0385002',20,N'Hulig├ínok',N'HU',NULL,NULL,0)
	 ,(N'tt0783233',20,N'Soning',N'DK',NULL,NULL,0)
	 ,(N'tt0985699',20,N'Valkyrie',N'US',NULL,NULL,0)
	 ,(N'tt1396484',20,N'├ça',N'CA',N'fr',N'imdbDisplay',0)
	 ,(N'tt3774114',20,N'Snowdenas',N'LT',NULL,N'imdbDisplay',0)
	 ,(N'tt0027977',21,N'╨¥╨╛╨▓i ╤ç╨░╤ü╨╕',N'UA',NULL,NULL,0)
	 ,(N'tt0042332',21,N'Tuhkimo',N'FI',NULL,N'imdbDisplay',0)
	 ,(N'tt0317705',21,N'Izbavitelji',N'HR',NULL,NULL,0)
	 ,(N'tt0379786',21,N'Svemirski brod Spokoj',N'RS',NULL,NULL,0)
	 ,(N'tt0385002',21,N'Rebeldes do Bairro',N'PT',NULL,N'imdbDisplay',0)
	 ,(N'tt0783233',21,N'Om forlatelse',N'NO',NULL,N'imdbDisplay',0)
	 ,(N'tt0985699',21,N'Opera├º├úo Valqu├¡ria',N'BR',NULL,NULL,0)
	 ,(N'tt1396484',21,N'Es - Kapitel Eins',N'DE',NULL,NULL,0)
	 ,(N'tt3774114',21,N'Sacha',N'DE',NULL,N'working',0)
	 ,(N'tt0027977',22,N'Asr-e jadid',N'IR',N'fa',N'imdbDisplay',0)
	 ,(N'tt0042332',22,N'La cenicienta',N'AR',NULL,NULL,0)
	 ,(N'tt0317705',22,N'Superhj├ñltarna',N'SE',NULL,NULL,0)
	 ,(N'tt0379786',22,N'Serenity',N'IL',N'he',N'imdbDisplay',0)
	 ,(N'tt0385002',22,N'Green Street Hooligans',N'XWW',N'en',NULL,0)
	 ,(N'tt0783233',22,N'Remuscare',N'RO',NULL,N'imdbDisplay',0)
	 ,(N'tt0985699',22,N'Walk├╝re/Valkyrie',N'US',NULL,NULL,0)
	 ,(N'tt1396484',22,N'Det',N'FI',N'sv',N'imdbDisplay',0)
	 ,(N'tt3774114',22,N'Snouden',N'RS',NULL,N'imdbDisplay',0)
	 ,(N'tt0027977',23,N'Modern Times',N'US',NULL,NULL,0)
	 ,(N'tt0042332',23,N'Cendrillon',N'BE',N'fr',NULL,0)
	 ,(N'tt0317705',23,N'╨í╤â╨┐╨╡╤Ç╤üi╨╝╨╡╨╣╨║╨░',N'UA',NULL,NULL,0)
	 ,(N'tt0379786',23,N'Serenity - Flucht in neue Welten',N'DE',NULL,NULL,0)
	 ,(N'tt0385002',23,N'Green Street Hooligans',N'US',NULL,NULL,0)
	 ,(N'tt0783233',23,N'Atpirkimas',N'LT',NULL,N'imdbDisplay',0)
	 ,(N'tt0985699',23,N'Walk├╝re',N'DE',NULL,NULL,0)
	 ,(N'tt1396484',23,N'It',N'ES',NULL,N'imdbDisplay',0)
	 ,(N'tt3774114',23,N'The Snowden Files',NULL,NULL,N'working',0)
	 ,(N'tt0027977',24,N'Tiempos modernos',N'ES',NULL,N'imdbDisplay',0)
	 ,(N'tt0042332',24,N'Aschenbr├╢del',N'AT',NULL,NULL,0)
	 ,(N'tt0317705',24,N'Los Incre├¡bles',N'ES',NULL,N'imdbDisplay',0)
	 ,(N'tt0385002',24,N'Huligani',N'HR',NULL,NULL,0)
	 ,(N'tt0783233',24,N'Expiation',N'CA',N'fr',NULL,0)
	 ,(N'tt0985699',24,N'Valkiria',N'ES',NULL,NULL,0)
	 ,(N'tt1396484',24,N'╨Æ╨╛╨╜╨╛',N'UA',NULL,NULL,0)
	 ,(N'tt3774114',24,N'╨í╨╜╨╛╤â╨┤╨╡╨╜',N'RU',NULL,NULL,0)
	 ,(N'tt0027977',25,N'Temps moderns',N'ES',N'ca',NULL,0)
	 ,(N'tt0042332',25,N'Cenusareasa',N'RO',NULL,N'imdbDisplay',0)
	 ,(N'tt0317705',25,N'╬ƒ╬╣ ╬▒╧Ç╬»╬╕╬▒╬╜╬┐╬╣',N'GR',NULL,NULL,0)
	 ,(N'tt0385002',25,N'Hooligans - Defiende a los tuyos',N'MX',NULL,NULL,0)
	 ,(N'tt0783233',25,N'Kefaret',N'TR',N'tr',NULL,0)
	 ,(N'tt0985699',25,N'Untitled Bryan Singer Thriller',N'US',NULL,N'working',0)
	 ,(N'tt1396484',25,N'Det',N'SE',NULL,N'imdbDisplay',0)
	 ,(N'tt0027977',26,N'Tiempos Modernos',N'CL',NULL,N'imdbDisplay',0)
	 ,(N'tt0042332',26,N'Pepeljuga',N'RS',NULL,N'imdbDisplay',0)
	 ,(N'tt0317705',26,N'╨í╤â╨┐╨╡╤Ç╤ü╨╡╨╝╨╡╨╣╨║╨░',N'RU',NULL,NULL,0)
	 ,(N'tt0385002',26,N'Green Street Hooligans',N'DE',NULL,N'imdbDisplay',0)
	 ,(N'tt0783233',26,N'F├╢rsoning',N'SE',NULL,NULL,0)
	 ,(N'tt0985699',26,N'Operasyon Valkyrie',N'TR',N'tr',NULL,0)
	 ,(N'tt1396484',26,N'It',NULL,NULL,N'original',1)
	 ,(N'tt0027977',27,N'Modern├¡ Doba',N'CZ',NULL,NULL,0)
	 ,(N'tt0042332',27,N'Assepoester',N'BE',N'qbn',NULL,0)
	 ,(N'tt0317705',27,N'Iniemamocni',N'PL',NULL,NULL,0)
	 ,(N'tt0385002',27,N'The Yank',N'US',NULL,N'working',0)
	 ,(N'tt0783233',27,N'V├így ├⌐s vezekl├⌐s',N'HU',NULL,NULL,0)
	 ,(N'tt0985699',27,N'Operaci├│n Valquiria',N'PE',NULL,NULL,0)
	 ,(N'tt1396484',27,N'To',N'PL',NULL,N'imdbDisplay',0)
	 ,(N'tt0027977',28,N'Nykyaika',N'FI',NULL,NULL,0)
	 ,(N'tt0042332',28,N'La cenicienta',N'US',N'es',N'imdbDisplay',0)
	 ,(N'tt0317705',28,N'A hihetetlen csal├íd',N'HU',NULL,N'imdbDisplay',0)
	 ,(N'tt0385002',28,N'Huliganii de pe Green Street',N'RO',NULL,N'imdbDisplay',0)
	 ,(N'tt0783233',28,N'Sovitus',N'FI',NULL,NULL,0)
	 ,(N'tt0985699',28,N'Valkyrie',N'JP',N'en',NULL,0)
	 ,(N'tt1396484',28,N'It: A Coisa',N'BR',NULL,N'imdbDisplay',0)
	 ,(N'tt0027977',29,N'Les temps modernes',N'BE',N'fr',NULL,0)
	 ,(N'tt0042332',29,N'K├╝l Kedisi Sinderella',N'TR',N'tr',N'imdbDisplay',0)
	 ,(N'tt0317705',29,N'Misut├ó inkurediburu',N'JP',NULL,NULL,0)
	 ,(N'tt0385002',29,N'Hooligans',N'FR',NULL,NULL,0)
	 ,(N'tt0783233',29,N'Tsugunai',N'JP',NULL,N'imdbDisplay',0)
	 ,(N'tt0985699',29,N'Walkyrie',N'FR',NULL,NULL,0)
	 ,(N'tt1396484',29,N'├ça',N'LU',N'fr',N'imdbDisplay',0)
	 ,(N'tt0027977',30,N'Oi modernoi kairoi',N'GR',NULL,NULL,0)
	 ,(N'tt0042332',30,N'Askepot',N'DK',NULL,NULL,0)
	 ,(N'tt0317705',30,N'The Incredibles',NULL,NULL,N'original',1)
	 ,(N'tt0385002',30,N'Hooligans',N'IT',NULL,N'imdbDisplay',0)
	 ,(N'tt0783233',30,N'Pokajanje',N'RS',NULL,NULL,0)
	 ,(N'tt0985699',30,N'Operaci├│n Valquiria',N'AR',NULL,NULL,0)
	 ,(N'tt1396484',30,N'It',N'NO',NULL,N'imdbDisplay',0)
	 ,(N'tt0027977',31,N'The Masses',N'US',NULL,N'working',0)
	 ,(N'tt0042332',31,N'Cinderela - A Gata Borralheira',N'PT',NULL,N'alternative',0)
	 ,(N'tt0317705',31,N'Los incre├¡bles',N'EC',NULL,NULL,0)
	 ,(N'tt0385002',31,N'Huligani',N'RS',NULL,N'imdbDisplay',0)
	 ,(N'tt0783233',31,N'╨í╨┐╨╛╨║╤â╤é╨░',N'UA',NULL,NULL,0)
	 ,(N'tt0985699',31,N'Operation Valkyrie',N'DK',NULL,NULL,0)
	 ,(N'tt1396484',31,N'It: Chapter One',N'US',NULL,NULL,0)
	 ,(N'tt0027977',32,N'Timpuri noi',N'RO',NULL,N'imdbDisplay',0)
	 ,(N'tt0042332',32,N'Stahtopouta',N'GR',NULL,N'dvd',0)
	 ,(N'tt0317705',32,N'Los incre├¡bles',N'XWW',N'es',NULL,0)
	 ,(N'tt0385002',32,N'Green Street',N'IE',N'en',N'imdbDisplay',0)
	 ,(N'tt0783233',32,N'Pokora',N'SI',NULL,N'imdbDisplay',0)
	 ,(N'tt0985699',32,N'╬ò╧Ç╬╣╧ç╬╡╬»╧ü╬╖╧â╬╖ ╬Æ╬▒╬╗╬║╧à╧ü╬»╬▒',N'GR',NULL,NULL,0)
	 ,(N'tt1396484',32,N'It',N'US',NULL,NULL,0)
	 ,(N'tt0027977',33,N'Moderni ─ìasi',N'XYU',N'sl',NULL,0)
	 ,(N'tt0042332',33,N'Shinderera',N'JP',NULL,NULL,0)
	 ,(N'tt0317705',33,N'Los incre├¡bles',N'PE',NULL,NULL,0)
	 ,(N'tt0783233',33,N'Pok├ín├¡',N'CZ',NULL,N'imdbDisplay',0)
	 ,(N'tt0985699',33,N'Operaci├│n Valquiria',N'MX',NULL,NULL,0)
	 ,(N'tt1396484',33,N'Es',N'DE',NULL,N'imdbDisplay',0)
	 ,(N'tt0027977',34,N'Modern├í Doba',N'SK',NULL,NULL,0)
	 ,(N'tt0042332',34,N'A Gata Borralheira',N'BR',NULL,NULL,0)
	 ,(N'tt0317705',34,N'Hum Hain Lajawaab',N'IN',N'hi',NULL,0)
	 ,(N'tt0783233',34,N'Espiazione',N'IT',NULL,NULL,0)
	 ,(N'tt0985699',34,N'Valkyria',N'SE',NULL,NULL,0)
	 ,(N'tt1396484',34,N'Az',N'HU',NULL,N'imdbDisplay',0)
	 ,(N'tt0027977',35,N'Asri Zamanlar',N'TR',N'tr',N'imdbDisplay',0)
	 ,(N'tt0042332',35,N'╬ú╧ä╬▒╧ç╧ä╬┐╧Ç╬┐╧ì╧ä╬▒',N'GR',NULL,NULL,0)
	 ,(N'tt0317705',35,N'Los incre├¡bles',N'PA',NULL,NULL,0)
	 ,(N'tt0783233',35,N'Reviens-moi',N'BE',N'fr',NULL,0)
	 ,(N'tt0985699',35,N'Operation Valkyria',N'FI',N'sv',NULL,0)
	 ,(N'tt1396484',35,N'╨₧╨╜╨╛',N'RU',NULL,NULL,0)
	 ,(N'tt0027977',36,N'Nova vremena',N'RS',NULL,N'imdbDisplay',0)
	 ,(N'tt0042332',36,N'Seynedrelh',N'IL',N'he',N'imdbDisplay',0)
	 ,(N'tt0317705',36,N'Superhj├ñltarna',N'FI',N'sv',NULL,0)
	 ,(N'tt0783233',36,N'Lepitus',N'EE',NULL,NULL,0)
	 ,(N'tt0985699',36,N'Operatiunea Valkyrie',N'RO',NULL,N'imdbDisplay',0)
	 ,(N'tt1396484',36,N'├ça',N'FR',NULL,N'imdbDisplay',0)
	 ,(N'tt0027977',37,N'Moderna tider',N'SE',NULL,NULL,0)
	 ,(N'tt0042332',37,N'Cinderela',N'BR',NULL,N'imdbDisplay',0)
	 ,(N'tt0317705',37,N'Los incre├¡bles',N'MX',NULL,NULL,0)
	 ,(N'tt0783233',37,N'╨ÿ╤ü╨║╤â╨┐╨╗╨╡╨╜╨╕╨╡',N'RU',NULL,NULL,0)
	 ,(N'tt0985699',37,N'Operatsioon Valk├╝├╝r',N'EE',NULL,NULL,0)
	 ,(N'tt1396484',37,N'Chu He Ma Quai',N'VN',NULL,N'imdbDisplay',0)
	 ,(N'tt0027977',38,N'Tiempos modernos',N'PE',NULL,N'imdbDisplay',0)
	 ,(N'tt0042332',38,N'Assepoester',N'NL',N'nl',N'imdbDisplay',0)
	 ,(N'tt0317705',38,N'De utrolige',N'NO',NULL,NULL,0)
	 ,(N'tt0985699',38,N'Rubicon',N'US',NULL,NULL,0)
	 ,(N'tt1396484',38,N'Tai',N'LT',NULL,N'imdbDisplay',0)
	 ,(N'tt0027977',39,N'╨¥╨╛╨▓╤ï╨╡ ╨▓╤Ç╨╡╨╝╨╡╨╜╨░',N'SUHH',N'ru',NULL,0)
	 ,(N'tt0042332',39,N'Cong Chua Lo Lem',NULL,NULL,N'imdbDisplay',0)
	 ,(N'tt0317705',39,N'De utrolige',N'DK',NULL,NULL,0)
	 ,(N'tt0985699',39,N'╨₧╨┐╨╡╤Ç╨░╤å╨╕╤Å ╨Æ╨░╨╗╤î╨║╨╕╤Ç╨╕╤Å',N'RU',NULL,NULL,0)
	 ,(N'tt1396484',39,N'Tisto',N'SI',NULL,N'imdbDisplay',0)
	 ,(N'tt0027977',40,N'Modern├¡ Doba',N'CSHH',NULL,NULL,0)
	 ,(N'tt0042332',40,N'Hirushja',N'AL',NULL,N'imdbDisplay',0)
	 ,(N'tt0317705',40,N'Los incre├¡bles',N'CL',NULL,NULL,0)
	 ,(N'tt0985699',40,N'Operaatio Valkyrie',N'FI',NULL,NULL,0)
	 ,(N'tt0027977',41,N'Os Tempos Modernos',N'BR',NULL,N'imdbDisplay',0)
	 ,(N'tt0042332',41,N'La ventafocs',N'ES',N'ca',NULL,0)
	 ,(N'tt0317705',41,N'Os Incr├¡veis',N'BR',NULL,NULL,0)
	 ,(N'tt0985699',41,N'Walk├╝re',N'US',NULL,NULL,0)
	 ,(N'tt0027977',42,N'Tiempos modernos',N'AR',NULL,NULL,0)
	 ,(N'tt0042332',42,N'Cendrillon',N'FR',NULL,NULL,0)
	 ,(N'tt0317705',42,N'Mr. Incredible',N'JP',N'en',NULL,0)
	 ,(N'tt0985699',42,N'Epiheirisi Valkyria',N'GR',NULL,NULL,0)
	 ,(N'tt0027977',43,N'Moderna vremena',N'XYU',N'hr',N'imdbDisplay',0)
	 ,(N'tt0042332',43,N'Popolu┼íka',N'CSHH',N'sk',NULL,0)
	 ,(N'tt0317705',43,N'Ihmeperhe',N'FI',NULL,NULL,0)
	 ,(N'tt0027977',44,N'Alazmena alhaditha',N'EG',N'ar',N'imdbDisplay',0)
	 ,(N'tt0042332',44,N'La cenicienta',N'ES',NULL,N'imdbDisplay',0)
	 ,(N'tt0317705',44,N'The Invincibles',N'US',NULL,N'working',0)
	 ,(N'tt0027977',45,N'Tiempos modernos',N'MX',NULL,N'imdbDisplay',0)
	 ,(N'tt0042332',45,N'Cinderella',NULL,NULL,N'original',1)
	 ,(N'tt0317705',45,N'Mr. Incredible',N'JP',NULL,NULL,0)
	 ,(N'tt0027977',46,N'Moderne tider',N'DK',NULL,NULL,0)
	 ,(N'tt0042332',46,N'La cenicienta',N'PE',NULL,NULL,0)
	 ,(N'tt0317705',46,N'Nerealieji',N'LT',NULL,N'imdbDisplay',0)
	 ,(N'tt0027977',47,N'Modernus laikai',N'LT',NULL,NULL,0)
	 ,(N'tt0042332',47,N'Pepeljuga',N'HR',NULL,N'imdbDisplay',0)
	 ,(N'tt0317705',47,N'Nevi─æeni',N'RS',NULL,NULL,0)
	 ,(N'tt0027977',48,N'Moderni ─ìasi',N'SI',NULL,NULL,0)
	 ,(N'tt0042332',48,N'╨ƒ╨╛╨┐╨╡╨╗╤Ä╤ê╨║╨░',N'UA',NULL,NULL,0)
	 ,(N'tt0317705',48,N'The Incredibles',N'US',NULL,NULL,0)
	 ,(N'tt0042332',49,N'╨ù╨╛╨╗╤â╤ê╨║╨░',N'RU',NULL,NULL,0)
	 ,(N'tt0317705',49,N'The Incredibles - Os Super Her├│is',N'PT',NULL,NULL,0)
	 ,(N'tt0042332',50,N'La Cenicienta',N'MX',NULL,NULL,0)
	 ,(N'tt0317705',50,N'The Incredibles',N'SG',N'en',N'imdbDisplay',0)
	 ,(N'tt0317705',51,N'├Üzasn├íkovi',N'CZ',NULL,NULL,0);

	SET  IDENTITY_INSERT CustomReviewer ON
	 INSERT INTO CustomReviewer (CustomReviewerId, CustomReviewerName) VALUES (1, 'Dima'), (2, 'Valera')
	SET  IDENTITY_INSERT CustomReviewer OFF
  
  INSERT INTO UserTitleRating
select
cr.CustomReviewerId, 
t.TitleId,
 ABS(CHECKSUM(NewId())) % 10 + 1 as rating,
 sysdatetime()
from title t
CROSS JOIN [dbo].[CustomReviewer] AS cr

INSERT INTO [genre](genrename) VALUES 
  (N'Action')
 ,(N'Adult')
 ,(N'Adventure')
 ,(N'Animation')
 ,(N'Biography')
 ,(N'Comedy')
 ,(N'Crime')
 ,(N'Documentary')
 ,(N'Drama')
 ,(N'Family')
 ,(N'Fantasy')
 ,(N'Film-Noir')
 ,(N'Game-Show')
 ,(N'History')
 ,(N'Horror')
 ,(N'Music')
 ,(N'Musical')
 ,(N'Mystery')
 ,(N'News')
 ,(N'Reality-TV')
 ,(N'Romance')
 ,(N'Sci-Fi')
 ,(N'Short')
 ,(N'Sport')
 ,(N'Talk-Show')
 ,(N'Thriller')
 ,(N'War')
 ,(N'Western');

INSERT INTO titlegenre
 VALUES (N'tt0317705',1)
 ,(N'tt0379786',1)
 ,(N'tt0317705',3)
 ,(N'tt0379786',3)
 ,(N'tt0042332',4)
 ,(N'tt0317705',4)
 ,(N'tt3774114',5)
 ,(N'tt0027977',6)
 ,(N'tt2467372',6)
 ,(N'tt0385002',7)
 ,(N'tt2467372',7)
 ,(N'tt0027977',9)
 ,(N'tt0385002',9)
 ,(N'tt0783233',9)
 ,(N'tt0985699',9)
 ,(N'tt1396484',9)
 ,(N'tt3774114',9)
 ,(N'tt0027977',10)
 ,(N'tt0042332',10)
 ,(N'tt0042332',11)
 ,(N'tt0985699',14)
 ,(N'tt1396484',15)
 ,(N'tt0783233',18)
 ,(N'tt0783233',21)
 ,(N'tt0379786',22)
 ,(N'tt0385002',24)
 ,(N'tt0985699',26)
 ,(N'tt1396484',26)
 ,(N'tt3774114',26)

  END